id,name,detail_url,source_section,source_page,source_url,list_text,first_seen_utc,last_seen_utc,detail_status,detail_title,detail_description
8081,"08 - 12 OCT 2026 Genève, Switzerland Bachata Geneva Festival 2026 - The Festival of Nations The festival where the world is united by bachata —
Don’t miss the new edition…  in 2026 we are moving to Palexpo Congress Center @palexpo.geneve , where Swiss excellence meets Bachata. From 174 €",https://www.goandance.com/en/event/8081/bachata-geneva-festival-2026-the-festival-of-nations,festivals,1,https://www.goandance.com/en/festivals,,2026-10-09T20:09:26+00:00,2026-10-09T20:09:26+00:00,HTTP_200,Bachata Geneva Festival 2026 - The Festival of Nations | go&dance,"The festival where the world is united by bachata —
Don’t miss the new edition…  in 2026 we are moving to Palexpo Congress Center @palexpo.geneve , where Swiss..."
8567,"07 - 12 OCT 2026 İstanbul, Türkiye POSTPONED 8th Istanbul Social Dance Marathon  TURKIYE POSTPONED

NonStop Social Dancing and Amazing Education Experiance in All in one hotel. Worldwide +70 Countries Tickets not available",https://www.goandance.com/en/event/8567/postponed-8th-istanbul-social-dance-marathon-turkiye,festivals,10,https://www.goandance.com/en/festivals?page=9,,2026-10-09T20:09:26+00:00,2026-10-09T20:09:26+00:00,,,
8764,"06 - 08 NOV 2026 Girona, Spain La Clave Festival 2026 PREMIUM EDITION The most special winter festival that brings together salsa, timba, and bachata in a non-stop 24/7 party full of concerts, shows, classes, and many surprises. From 119 €",https://www.goandance.com/en/event/8764/la-clave-festival-2026-premium-edition,festivals,2,https://www.goandance.com/en/festivals?page=1,,2026-10-09T20:09:26+00:00,2026-10-09T20:09:26+00:00,HTTP_200,La Clave Festival 2026 PREMIUM EDITION | go&dance,"The most special winter festival that brings together salsa, timba, and bachata in a non-stop 24/7 party full of concerts, shows, classes, and many surprises."
8817,"07 - 13 OCT 2026 Durrës, Albania KIZAL - ALBANIA KIZOMBA FESTIVAL 2026 A seaside kizomba festival designed to make you feel on holiday. Enjoy the sun, the beach, and the magic of the Albanian Riviera in a unique, vibrant atmosphere. From 150 €",https://www.goandance.com/en/event/8817/kizal-albania-kizomba-festival-2026,festivals,1,https://www.goandance.com/en/festivals,,2026-10-09T20:09:26+00:00,2026-10-09T20:09:26+00:00,HTTP_200,KIZAL - ALBANIA KIZOMBA FESTIVAL 2026 | go&dance,"A seaside kizomba festival designed to make you feel on holiday. Enjoy the sun, the beach, and the magic of the Albanian Riviera in a unique, vibrant atmosphere."
8833,"29 OCT - 01 NOV 2026 Dublin, Ireland 🎃 Dublin Sensual Festival 2026 - Halloween Edition🎃 Third edition of Dublin’s most awaited festival! Hundreds of dancers, amazing reviews, and top artists like Masa & Polina, Nacho & Silvia, and Pedro & Noe. Pure energy and sensual vibes! From 140 €",https://www.goandance.com/en/event/8833/dublin-sensual-festival-2026-halloween-edition,festivals,3,https://www.goandance.com/en/festivals?page=2,,2026-10-09T20:09:26+00:00,2026-10-09T20:09:26+00:00,HTTP_200,🎃 Dublin Sensual Festival 2026 - Halloween Edition🎃  | go&dance,"Third edition of Dublin’s most awaited festival! Hundreds of dancers, amazing reviews, and top artists like Masa & Polina, Nacho & Silvia, and Pedro & Noe. Pure..."
8835,"Promoted 16 - 19 OCT 2026 Bayern, Germany LA CASA DE BACHATA Festival 2026 3nd edition, the Golden Edition: step into La Casa de Bachata and join the Dance Heist with 3 days of workshops, parties, and surprises to push your passion to the limit. 6d 18h 49m 58s From 178,99 € 169,99 €",https://www.goandance.com/en/event/8835/la-casa-de-bachata-festival-2026,festivals,2,https://www.goandance.com/en/festivals?page=1,,2026-10-09T20:09:26+00:00,2026-10-09T20:09:26+00:00,HTTP_200,LA CASA DE BACHATA Festival 2026 | go&dance,"3nd edition, the Golden Edition: step into La Casa de Bachata and join the Dance Heist with 3 days of workshops, parties, and surprises to push your passion to..."
8852,"HOT 🔥 15 - 19 OCT 2026 Noord-Holland, Netherlands AMSTERDAM WORLD DANCE CONGRESS 2026 15-18 Oct 2026 | Amsterdam 🇳🇱
World-class Bachata & Salsa artists, top DJs and unforgettable parties in the heart of the Netherlands. Dance, connect, celebrate! 🔥✨ 5d 20h 50m 32s From 159 €",https://www.goandance.com/en/event/8852/amsterdam-world-dance-congress-2026,festivals,1,https://www.goandance.com/en/festivals,,2026-10-09T20:09:26+00:00,2026-10-09T20:09:26+00:00,HTTP_200,AMSTERDAM WORLD DANCE CONGRESS 2026 | go&dance,"15-18 Oct 2026 | Amsterdam 🇳🇱
World-class Bachata & Salsa artists, top DJs and unforgettable parties in the heart of the Netherlands. Dance, connect, celebrate!..."
8877,"23 - 25 OCT 2026 Girona, Spain SON NA'MÁ FESTIVAL 2026 (5th Edition) From 60 €",https://www.goandance.com/en/event/8877/son-na-ma-festival-2026-5th-edition,festivals,3,https://www.goandance.com/en/festivals?page=2,,2026-10-09T20:09:26+00:00,2026-10-09T20:09:26+00:00,,,
8885,"HOT 🔥 22 - 26 OCT 2026 Alicante, Spain La Negra Dance Festival 2026 + XV Footwork World Championship ""La Negra Salsa"" The world&#x27;s most explosive freestyle dance competition is here.
With workshops and parties until dawn! From 189 €",https://www.goandance.com/en/event/8885/la-negra-dance-festival-2026-xv-footwork-world-championship-la-negra-salsa,festivals,1,https://www.goandance.com/en/festivals,,2026-10-09T20:09:26+00:00,2026-10-09T20:09:26+00:00,HTTP_200,"La Negra Dance Festival 2026 + XV Footwork World Championship ""La Negra Salsa"" | go&dance","The world&#x27;s most explosive freestyle dance competition is here.
With workshops and parties until dawn!"
8891,"23 - 25 OCT 2026 Illes Balears, Spain Queens  & Kings Paradise 2026 The battle is brewing: be part of an unforgettable weekend filled with dancing, games, and lots and lots of rivalry between the Queens and the Kings. From 75 €",https://www.goandance.com/en/event/8891/queens-kings-paradise-2026,festivals,10,https://www.goandance.com/en/festivals?page=9,,2026-10-09T20:09:26+00:00,2026-10-09T20:09:26+00:00,,,
8906,"HOT 🔥 22 - 26 OCT 2026 Tarragona, Spain LATIN NOTION SPAIN 2026 From the team behind Dubai, Thailand, Mumbai, and the UK: Halloween bachata/zouk with a pool party, Jack &amp; Jill, parties until 6 a.m., a theme park, and a haunted house. From 15 €",https://www.goandance.com/en/event/8906/latin-notion-spain-2026,festivals,1,https://www.goandance.com/en/festivals,,2026-10-09T20:09:26+00:00,2026-10-09T20:09:26+00:00,HTTP_200,LATIN NOTION SPAIN 2026 | go&dance,"From the team behind Dubai, Thailand, Mumbai, and the UK: Halloween bachata/zouk with a pool party, Jack &amp; Jill, parties until 6 a.m., a theme park, and a haunted..."
8950,"20 - 22 NOV 2026 Barcelona, Spain QUESHIVA FESTIVAL 2026 BACHATA & SALSA EDITION 💥💥 QUESHIVA 2026 💥💥 DON&#x27;T MISS THE FOURTH EDITION 💥💥
Workshops, Masterclasses, Shows, Jack &amp; Jill, Group Competition, Social Dance, Theme Parties, and many more surprises... From 70 €",https://www.goandance.com/en/event/8950/queshiva-festival-2026-bachata-salsa-edition,festivals,4,https://www.goandance.com/en/festivals?page=3,,2026-10-09T20:09:26+00:00,2026-10-09T20:09:26+00:00,,,
8959,"Promoted 29 OCT - 01 NOV 2026 Stockholms län, Sweden Stockholm Sensual Festival 2026 (4th Edition) 4.1★ rated. 4 dance floors, 3000m² & 75+ guests. 800+ Bachata & Kizomba lovers. Eat, sleep & dance in 1 venue! Previous passes sold out...  buy your tier now before prices rise! From 160 €",https://www.goandance.com/en/event/8959/stockholm-sensual-festival-2026-4th-edition,festivals,1,https://www.goandance.com/en/festivals,,2026-10-09T20:09:26+00:00,2026-10-09T20:09:26+00:00,HTTP_200,Stockholm Sensual Festival 2026 (4th Edition) | go&dance,"4.1★ rated. 4 dance floors, 3000m² & 75+ guests. 800+ Bachata & Kizomba lovers. Eat, sleep & dance in 1 venue! Previous passes sold out...  buy your tier now before..."
8965,"20 - 22 NOV 2026 Alicante, Spain Kaluanda Festival 2026 4th Edition Welcome to Kaluanda Festival!
Welcome to the paradise! From 95 €",https://www.goandance.com/en/event/8965/kaluanda-festival-2026-4th-edition,festivals,5,https://www.goandance.com/en/festivals?page=4,,2026-10-09T20:09:26+00:00,2026-10-09T20:09:26+00:00,,,
8970,"16 - 18 OCT 2026 La Massana, Andorra Andorra dance festival: The legacy The largest dance festival in Andorra, at a 4-star hotel in La Massana so you can enjoy dancing and discover a wonderful country. 6d 17h 49m 03s From 109 €",https://www.goandance.com/en/event/8970/andorra-dance-festival-the-legacy,festivals,10,https://www.goandance.com/en/festivals?page=9,,2026-10-09T20:09:26+00:00,2026-10-09T20:09:26+00:00,,,
8974,"25 - 30 NOV 2026 Málaga, Spain Malaga Temptation Festival 2026 ( The Secret Oasis) 🌴 Bachata & Kizomba in Málaga: workshops, socials, pool parties, Jack & Jill Bachata World Cup qualifier and parties until 7am at Hotel IPV Palace & Spa. From 145,99 € 130,99 €",https://www.goandance.com/en/event/8974/malaga-temptation-festival-2026-the-secret-oasis,festivals,1,https://www.goandance.com/en/festivals,,2026-10-09T20:09:26+00:00,2026-10-09T20:09:26+00:00,HTTP_200,Malaga Temptation Festival 2026 ( The Secret Oasis) | go&dance,"🌴 Bachata & Kizomba in Málaga: workshops, socials, pool parties, Jack & Jill Bachata World Cup qualifier and parties until 7am at Hotel IPV Palace & Spa."
8976,"19 - 23 NOV 2026 Cluj, Romania Transilvania Salsa Fest 2026 (15th edition) More than 1,000 dancers from around the world, 4 large dance floors for salsa, bachata, and kizomba, shows, workshops, and themed parties until dawn. From 190 € 175 €",https://www.goandance.com/en/event/8976/transilvania-salsa-fest-2026-15th-edition,festivals,1,https://www.goandance.com/en/festivals,,2026-10-09T20:09:26+00:00,2026-10-09T20:09:26+00:00,HTTP_200,Transilvania Salsa Fest 2026 (15th edition) | go&dance,"More than 1,000 dancers from around the world, 4 large dance floors for salsa, bachata, and kizomba, shows, workshops, and themed parties until dawn."
8984,"11 - 13 DEC 2026 Baden-Württemberg, Germany Bachata Zouk Royals ⚜️Bachata Zouk Royals⚜️– 5th Edition
December 11–13 • Freiburg

The Royals return — bigger than ever, with official Jack & Jill’s in Bachata & B. Zouk From 155 €",https://www.goandance.com/en/event/8984/bachata-zouk-royals,festivals,2,https://www.goandance.com/en/festivals?page=1,,2026-10-09T20:09:26+00:00,2026-10-09T20:09:26+00:00,HTTP_200,Bachata Zouk Royals | go&dance,"⚜️Bachata Zouk Royals⚜️– 5th Edition
December 11–13 • Freiburg

The Royals return — bigger than ever, with official Jack & Jill’s in Bachata & B. Zouk"
8991,"12 - 16 NOV 2026 Girona, Spain Neverending Kizomba Festival BARCELONA 2026 - 8th Ed. 🔥 8th edition of the world’s most intense kizomba festival: 80+ hours non-stop, 24+ hours of workshops, top international DJs & teachers, The Battle Kizz competition — all in one ⭐ hotel From 120 € 80 €",https://www.goandance.com/en/event/8991/neverending-kizomba-festival-barcelona-2026-8th-ed,festivals,2,https://www.goandance.com/en/festivals?page=1,,2026-10-09T20:09:26+00:00,2026-10-09T20:09:26+00:00,HTTP_200,Neverending Kizomba Festival BARCELONA 2026 - 8th Ed. | go&dance,"🔥 8th edition of the world’s most intense kizomba festival: 80+ hours non-stop, 24+ hours of workshops, top international DJs & teachers, The Battle Kizz competition..."
8993,"30 OCT - 01 NOV 2026 Hessen, Germany FluxDance presents: The Bachata Flow Generation | Frankfurt • Germany FluxDance Festival is a 3-day journey for dancers seeking real transformation, deep connection, and flow. More than steps. One shared experience. Secure your pass. From 160 €",https://www.goandance.com/en/event/8993/fluxdance-presents-the-bachata-flow-generation-frankfurt-germany,festivals,1,https://www.goandance.com/en/festivals,,2026-10-09T20:09:26+00:00,2026-10-09T20:09:26+00:00,HTTP_200,FluxDance presents: The Bachata Flow Generation | Frankfurt • Germany | go&dance,"FluxDance Festival is a 3-day journey for dancers seeking real transformation, deep connection, and flow. More than steps. One shared experience. Secure your pass."
8997,"06 - 09 NOV 2026 Västra Götalands län, Sweden La Luna Festival La Luna Bachata Festival is a weekend of workshops, social dancing, and night parties featuring top International Artists, DJs and Guest dancers from all across Europe. From 110 € 100 €",https://www.goandance.com/en/event/8997/la-luna-festival,festivals,5,https://www.goandance.com/en/festivals?page=4,,2026-10-09T20:09:26+00:00,2026-10-09T20:09:26+00:00,,,
9003,"26 - 28 FEB 2027 Bizkaia, Spain Más que Cubano Festival BILBAO 2027 (5th Edition) 🎉 MQC27 – 5th Edition 📍 Bilbao, Hotel Seminario ✈️ Just 5 minutes from the airport! 🔥A family-friendly Cuban conference packed with professionals, salsa, rumba, Afro, bachata, reggaeton... From 125 € 105 €",https://www.goandance.com/en/event/9003/mas-que-cubano-festival-bilbao-2027-5th-edition,festivals,7,https://www.goandance.com/en/festivals?page=6,,2026-10-09T20:09:26+00:00,2026-10-09T20:09:26+00:00,,,
9005,26 - 29 NOV 2026 Poland World Bachata Meet Up 2026! From 105 €,https://www.goandance.com/en/event/9005/world-bachata-meet-up-2026,festivals,4,https://www.goandance.com/en/festivals?page=3,,2026-10-09T20:09:26+00:00,2026-10-09T20:09:26+00:00,,,
9040,"HOT 🔥 04 - 07 DEC 2026 Girona, Spain LATIN DANCE FESTIVAL 2026 Known as the ""event of the year"": secret parties, unexpected contests, surprise shows and nonstop madness, plus workshops with international artists that make it unforgettable. From 60 €",https://www.goandance.com/en/event/9040/latin-dance-festival-2026,festivals,1,https://www.goandance.com/en/festivals,,2026-10-09T20:09:26+00:00,2026-10-09T20:09:26+00:00,HTTP_200,LATIN DANCE FESTIVAL 2026 | go&dance,"Known as the ""event of the year"": secret parties, unexpected contests, surprise shows and nonstop madness, plus workshops with international artists that make it..."
9046,"18 - 22 FEB 2027 Baden-Württemberg, Germany Official : BachaKizz Sensation 2027 From 10 €",https://www.goandance.com/en/event/9046/official-bachakizz-sensation-2027,festivals,2,https://www.goandance.com/en/festivals?page=1,,2026-10-09T20:09:26+00:00,2026-10-09T20:09:26+00:00,HTTP_200,Official : BachaKizz Sensation 2027 | go&dance,"✅ Follow us on instagram &amp; stay updated&nbsp;
www.instagram.com/bk.sensation/&nbsp;
✅ Join us &amp; stay updated about EVERYTHING !!!&nbsp;
https://linktr.ee/dansecrecy..."
9051,"16 - 18 OCT 2026 Berlin, Germany Explosion Berlin Bachata Festival 2026 #4 Edition 40+ hours of bachata, 3 legendary parties and international shows in Berlin. The 3rd edition turning every night into pure explosion by 6d 17h 49m 08s From 159 €",https://www.goandance.com/en/event/9051/explosion-berlin-bachata-festival-2026-4-edition,festivals,7,https://www.goandance.com/en/festivals?page=6,,2026-10-09T20:09:26+00:00,2026-10-09T20:09:26+00:00,,,
9052,"13 - 15 NOV 2026 Tarragona, Spain Costa Dorada Dance Congress 2026 (4th Edition) 🏖️ All-inclusive beachfront package: admission + hotel, 50 hours of workshops and parties. Daytime competitions running concurrently, top-notch shows, and a family-friendly atmosphere. We’re growing every year: we’re ex",https://www.goandance.com/en/event/9052/costa-dorada-dance-congress-2026-4th-edition,festivals,2,https://www.goandance.com/en/festivals?page=1,,2026-10-09T20:09:26+00:00,2026-10-09T20:09:26+00:00,HTTP_200,Costa Dorada Dance Congress 2026 (4th Edition) | go&dance,"🏖️ All-inclusive beachfront package: admission + hotel, 50 hours of workshops and parties. Daytime competitions running concurrently, top-notch shows, and a family-friendly..."
9061,"Promoted 17 - 21 DEC 2026 Luxembourg, Luxembourg Luxembourg Unified Dance Festival 2026 One of Europe’s largest festivals: +1500 People, Best artists & DJs,  4+-star hotel, new shows, Bachata Jack & Jill competition and more! Talk it up with your crew... it’s going to be epic! From 145 € 115 €",https://www.goandance.com/en/event/9061/luxembourg-unified-dance-festival-2026,festivals,1,https://www.goandance.com/en/festivals,,2026-10-09T20:09:26+00:00,2026-10-09T20:09:26+00:00,HTTP_200,Luxembourg Unified Dance Festival 2026 | go&dance,"One of Europe’s largest festivals: +1500 People, Best artists & DJs,  4+-star hotel, new shows, Bachata Jack & Jill competition and more! Talk it up with your crew......"
9063,"20 - 22 NOV 2026 Grad Zagreb, Croatia Zagreb Bachata Festival 2026 (3rd Edition) Pure Bachata festival in the heart of Zagreb, premium quality with affordable prices, organized by social dancers. Zagreb Bachata Festival will steal your Bachata heart. From 125 € 120 €",https://www.goandance.com/en/event/9063/zagreb-bachata-festival-2026-3rd-edition,festivals,2,https://www.goandance.com/en/festivals?page=1,,2026-10-09T20:09:26+00:00,2026-10-09T20:09:26+00:00,HTTP_200,Zagreb Bachata Festival 2026 (3rd Edition) | go&dance,"Pure Bachata festival in the heart of Zagreb, premium quality with affordable prices, organized by social dancers. Zagreb Bachata Festival will steal your Bachata..."
9075,"11 - 14 DEC 2026 Grad Zagreb, Croatia 4th Advent Bachata Congress 2026, Zagreb, Croatia For passionate bachateros craving elite workshops, daytime socials, epic night parties, Jack & Jill battles and Christmas magic in the heart of Zagreb and everything under one roof! From 164 € 144 €",https://www.goandance.com/en/event/9075/4th-advent-bachata-congress-2026-zagreb-croatia,festivals,5,https://www.goandance.com/en/festivals?page=4,,2026-10-09T20:09:26+00:00,2026-10-09T20:09:26+00:00,,,
9077,"04 - 06 DEC 2026 Tiranë, Albania Tirana Dance Experience 2026 TDE is more than a AFRO LATIN  FESTIVAL - it’s a movement.💥 
It’s time to live, feel, and DANCE again.❤️
Don’t overthink it - BOOK NOW!⏳
Tickets fly fast and we want YOU on that dance floor.🚀💃🕺 From 100 €",https://www.goandance.com/en/event/9077/tirana-dance-experience-2026,festivals,6,https://www.goandance.com/en/festivals?page=5,,2026-10-09T20:09:26+00:00,2026-10-09T20:09:26+00:00,,,
9085,"12 - 16 NOV 2026 Mazowieckie, Poland El Sol Festival FALL Edition 2026 opening doors to another era of elSol events
12-16th Nov 2026
same concept
same main venue Sound Garden hotel
salsa
bachata
cuban From 230 € 210 €",https://www.goandance.com/en/event/9085/el-sol-festival-fall-edition-2026,festivals,10,https://www.goandance.com/en/festivals?page=9,,2026-10-09T20:09:26+00:00,2026-10-09T20:09:26+00:00,,,
9101,"16 - 19 OCT 2026 London, City of, United Kingdom Kizomba Festival London UK - Autumn Edition 2 (16-19 October 2026) A vibrant celebration of dance, music and community, gracing the London scene twice a year: in spring 20 - 23 March 2026 & in autumn 16 - 19 Oct. 2026 6d 20h 49m 08s From 125 €",https://www.goandance.com/en/event/9101/kizomba-festival-london-uk-autumn-edition-2-16-19-october-2026,festivals,7,https://www.goandance.com/en/festivals?page=6,,2026-10-09T20:09:26+00:00,2026-10-09T20:09:26+00:00,,,
9102,"16 - 19 OCT 2026 London, City of, United Kingdom Bachata Festival London UK - Autumn Edition 1 (16-19 October 2026) A vibrant celebration of dance, music and community, gracing the London scene twice a year: in spring 20 - 23 March 2026 & in autumn 16 - 19 Oct. 2026 6d 20h 49m 06s From 125 €",https://www.goandance.com/en/event/9102/bachata-festival-london-uk-autumn-edition-1-16-19-october-2026,festivals,8,https://www.goandance.com/en/festivals?page=7,,2026-10-09T20:09:26+00:00,2026-10-09T20:09:26+00:00,,,
9116,"11 - 13 DEC 2026 București, Romania EL FESTIVAL by Salsa On Sundays Bucharest - 2nd year Anniversary - 11-13 December 2026 Yearly anniversary of our only salsa parties - socials by day and by night. From 150 € 135 €",https://www.goandance.com/en/event/9116/el-festival-by-salsa-on-sundays-bucharest-2nd-year-anniversary-11-13-december-2026,festivals,7,https://www.goandance.com/en/festivals?page=6,,2026-10-09T20:09:26+00:00,2026-10-09T20:09:26+00:00,,,
9142,"08 - 11 JAN 2027 Imperia, Italy SANREMO AFROLATIN CONGRESS 2027 From 70 €",https://www.goandance.com/en/event/9142/sanremo-afrolatin-congress-2027,festivals,7,https://www.goandance.com/en/festivals?page=6,,2026-10-09T20:09:26+00:00,2026-10-09T20:09:26+00:00,,,
9149,"31 DEC - 03 JAN 2027 Genova, Italy NEW YEAR IN SALSA As always, you don't know what to do for New Year's Eve, we have thought of you New Year's  in salsa,
4 days of pure fun to the rhythm of the best salsa, with great artists end international DJs, From 150 €",https://www.goandance.com/en/event/9149/new-year-in-salsa,festivals,9,https://www.goandance.com/en/festivals?page=8,,2026-10-09T20:09:26+00:00,2026-10-09T20:09:26+00:00,,,
9156,"20 - 22 NOV 2026 Navarra, Spain TuSalsa Dance SBK Congress 2026 From November 20 to 22 at Hotel Luze el Villa: workshops, parties, and salsa, bachata, and kizomba shows with top artists. Experience TuSalsa SBK 2026 to the fullest! From 100 € 95 €",https://www.goandance.com/en/event/9156/tusalsa-dance-sbk-congress-2026,festivals,4,https://www.goandance.com/en/festivals?page=3,,2026-10-09T20:09:26+00:00,2026-10-09T20:09:26+00:00,,,
9157,"13 - 18 JAN 2027 Huelva, Spain Bachata Sensual World Congress 2027 (BSWC) The world’s biggest Bachata Sensual congress is back, Jan 13–18. Shows, socials, top artists, and an unforgettable experience. Live BSWC 2027 in Punta Umbría. #iampartofthefamily From 180 € 140 €",https://www.goandance.com/en/event/9157/bachata-sensual-world-congress-2027-bswc,festivals,1,https://www.goandance.com/en/festivals,,2026-10-09T20:09:26+00:00,2026-10-09T20:09:26+00:00,HTTP_200,Bachata Sensual World Congress 2027 (BSWC) | go&dance,"The world’s biggest Bachata Sensual congress is back, Jan 13–18. Shows, socials, top artists, and an unforgettable experience. Live BSWC 2027 in Punta Umbría. #iampartofthefamily"
9188,"14 - 18 OCT 2026 Tokyo, Japan La Bachata Tokyo World Congress 2026 ""Bachata meets Art in Tokyo""
Experience the most artistic and passionate Bachata festival in Asia.
Join us in Tokyo for a fusion of elegant aesthetics and high-energy dance. 4d 21h 19m 03s From 100 €",https://www.goandance.com/en/event/9188/la-bachata-tokyo-world-congress-2026,festivals,10,https://www.goandance.com/en/festivals?page=9,,2026-10-09T20:09:26+00:00,2026-10-09T20:09:26+00:00,,,
9202,"22 - 25 JAN 2027 Seine-Saint-Denis, France Suave Dance Festival Paris 2027 (Official) After Skyfall, the world didn’t end — it transformed.
An amber afterglow rises from the ground, bathing the city in warmth. The noise is gone. The rush is gone. The human connections remain. From 100 €",https://www.goandance.com/en/event/9202/suave-dance-festival-paris-2027-official,festivals,4,https://www.goandance.com/en/festivals?page=3,,2026-10-09T20:09:26+00:00,2026-10-09T20:09:26+00:00,,,
9210,"09 - 11 OCT 2026 Hamburg, Germany Dance Congress Hamburg 2026 Spend an unforgettable weekend and let yourself be carried away by the tremendous energy of our professional artists.
Dance with us and enjoy the wonderful atmosphere and good vibes. From 130 €",https://www.goandance.com/en/event/9210/dance-congress-hamburg-2026,festivals,10,https://www.goandance.com/en/festivals?page=9,,2026-10-09T20:09:26+00:00,2026-10-09T20:09:26+00:00,,,
9217,"19 - 21 FEB 2027 Hamburg, Germany BIG3 FESTIVAL 2027 Salsa, bachata, Brazilian Zouk & kizomba across 4800 m², 4 dance floors, 70+ artists & 30h of socials: Germany’s biggest Latin festival lands in Hamburg. Save & share it—prices go up every month! From 195 € 120 €",https://www.goandance.com/en/event/9217/big3-festival-2027,festivals,2,https://www.goandance.com/en/festivals?page=1,,2026-10-09T20:09:26+00:00,2026-10-09T20:09:26+00:00,HTTP_200,BIG3 FESTIVAL 2027 | go&dance,"Salsa, bachata, Brazilian Zouk & kizomba across 4800 m², 4 dance floors, 70+ artists & 30h of socials: Germany’s biggest Latin festival lands in Hamburg. Save &..."
9231,"05 - 08 FEB 2027 Hainaut, Belgium LATIN DREAMS FESTIVAL 2027 BACHATA SENSUAL ✨🌟 5th edition stronger than ever: 1000+ dancers, epic nights till sunrise, world-class artists & DJs & ALL UNDER ONE ROOF! From 120 € 79 €",https://www.goandance.com/en/event/9231/latin-dreams-festival-2027-bachata-sensual,festivals,2,https://www.goandance.com/en/festivals?page=1,,2026-10-09T20:09:26+00:00,2026-10-09T20:09:26+00:00,HTTP_200,LATIN DREAMS FESTIVAL 2027 BACHATA SENSUAL  | go&dance,"✨🌟 5th edition stronger than ever: 1000+ dancers, epic nights till sunrise, world-class artists & DJs & ALL UNDER ONE ROOF!"
9237,"06 - 08 NOV 2026 Rīga, Latvia EL PASO Birthday Festival 2026 (2nd edition) An SBK event celebrating dance and 16 years of El Paso Dance School in Riga, Latvia, with local and international teachers. From 85 €",https://www.goandance.com/en/event/9237/el-paso-birthday-festival-2026-2nd-edition,festivals,3,https://www.goandance.com/en/festivals?page=2,,2026-10-09T20:09:26+00:00,2026-10-09T20:09:26+00:00,,,
9241,"29 JAN - 01 FEB 2027 İstanbul, Türkiye LA LUZ DANCE FESTIVAL 2027 Bachata  • Zouk | Istanbul, Türkiye From 149 € 99 €",https://www.goandance.com/en/event/9241/la-luz-dance-festival-2027,festivals,5,https://www.goandance.com/en/festivals?page=4,,2026-10-09T20:09:26+00:00,2026-10-09T20:09:26+00:00,,,
9243,"16 - 19 APR 2027 Republika Srpska, Bosnia and Herzegovina Kizomba Rafting 2027 - The world’s only Kizomba & Rafting experience Join dancers from 30+ countries for 3 nights of kizomba with top artists, parties, workshops, full board, bungalow accommodation and unforgettable rafting in Tara Canyon. Fr",https://www.goandance.com/en/event/9243/kizomba-rafting-2027-the-world-s-only-kizomba-rafting-experience,festivals,9,https://www.goandance.com/en/festivals?page=8,,2026-10-09T20:09:26+00:00,2026-10-09T20:09:26+00:00,,,
9247,"23 - 26 APR 2027 Republika Srpska, Bosnia and Herzegovina Bachata Rafting 2027 - The World’s Only All-in-One Bachata & Rafting Adventure Join dancers from 30+ countries for 3 nights of bachata with top artists, parties, workshops, full board, bungalow accommodation and unforgettable rafting in Tara ",https://www.goandance.com/en/event/9247/bachata-rafting-2027-the-world-s-only-all-in-one-bachata-and-rafting-adventure,festivals,8,https://www.goandance.com/en/festivals?page=7,,2026-10-09T20:09:26+00:00,2026-10-09T20:09:26+00:00,,,
9262,"05 - 07 FEB 2027 Haute-Garonne, France TOULOUSE BACHATA EDITION The adventure continues with another incredible line-up. Three days of dance, passion, and connection in an exceptional venue: Mas Tolosa. From 150 € 135 €",https://www.goandance.com/en/event/9262/toulouse-bachata-edition,festivals,4,https://www.goandance.com/en/festivals?page=3,,2026-10-09T20:09:26+00:00,2026-10-09T20:09:26+00:00,,,
9302,"Promoted 18 - 22 FEB 2027 Barcelona, Spain SoulDance Bachata & Salsa Festival Vol.7 - February 2027 A high-quality event. Excellent dancing people, top artists, spectacular shows, competitions, and  too much party and social dance.
All in the same hotel. From 145 € 115 €",https://www.goandance.com/en/event/9302/souldance-bachata-salsa-festival-vol-7-february-2027,festivals,5,https://www.goandance.com/en/festivals?page=4,,2026-10-09T20:09:26+00:00,2026-10-09T20:09:26+00:00,,,
9307,"30 OCT - 02 NOV 2026 Barcelona, Spain El Bloque Bachatero Festival 2026 El Bloque Bachatero is stepping up its game! Enjoy a 3-day festival featuring traditional Dominican bachata, workshops, social dancing, and live concerts, all in one hotel 🏨 From 90 €",https://www.goandance.com/en/event/9307/el-bloque-bachatero-festival-2026,festivals,3,https://www.goandance.com/en/festivals?page=2,,2026-10-09T20:09:26+00:00,2026-10-09T20:09:26+00:00,,,
9326,"16 - 18 OCT 2026 Girona, Spain Dance escape For anyone who wants to spend a weekend with friends at a very affordable price. 6d 16h 49m 06s From 80 € 70 €",https://www.goandance.com/en/event/9326/dance-escape,festivals,8,https://www.goandance.com/en/festivals?page=7,,2026-10-09T20:09:26+00:00,2026-10-09T20:09:26+00:00,,,
9327,"19 - 22 FEB 2027 Valencia, Spain DOMINICAN FLOW FESTIVAL 2027 Dominican Flow Festival is a musical gathering with a family atmosphere, international artists, and good vibes, where Dominican culture is experienced, shared, and enjoyed together. From 130 € 110 €",https://www.goandance.com/en/event/9327/dominican-flow-festival-2027,festivals,5,https://www.goandance.com/en/festivals?page=4,,2026-10-09T20:09:26+00:00,2026-10-09T20:09:26+00:00,,,
9329,"26 - 28 FEB 2027 Napoli, Italy Sorrento Bachata Experience 2027 Stellar Cast! 🌟
3️⃣ Masterclasses: Sensual, BachaZouk, Influence.
🏆 Fri: Show Contest.
🏆 Sat: Bachata Social Italian Cup (Road to Geneva! 🇨🇭).
🔥 2 Parties & Socials. From 99 € 89 €",https://www.goandance.com/en/event/9329/sorrento-bachata-experience-2027,festivals,7,https://www.goandance.com/en/festivals?page=6,,2026-10-09T20:09:26+00:00,2026-10-09T20:09:26+00:00,,,
9332,"13 - 15 NOV 2026 Nord, France Luminis Bachata Festival Tickets not available",https://www.goandance.com/en/event/9332/luminis-bachata-festival,festivals,10,https://www.goandance.com/en/festivals?page=9,,2026-10-09T20:09:26+00:00,2026-10-09T20:09:26+00:00,,,
9339,"Promoted 05 - 09 NOV 2026 Pest, Hungary All Stars Festival 2026 - 13th edition - All in 1 Hotel 🔥 1,500 dancers expected! Budapest 🇭🇺 BACHATA ❤️ URBAN KIZ 💛 KIZOMBA 💚 CROSS BODY SALSA 💜 BRAZILIAN ZOUK 🏨 ALL in 1 HOTEL 🏨 Up to 7 rooms, world-class artists & parties until sunrise. From 170 € 160 €",https://www.goandance.com/en/event/9339/all-stars-festival-2026-13th-edition-all-in-1-hotel,festivals,4,https://www.goandance.com/en/festivals?page=3,,2026-10-09T20:09:26+00:00,2026-10-09T20:09:26+00:00,,,
9347,"29 - 31 JAN 2027 Kreuzlingen, Switzerland 𝑼𝑹𝑩𝑨𝑵 𝑲𝑰𝒁 𝑻𝑬𝑴𝑷𝑻𝑨𝑻𝑰𝑶𝑵 𝑭𝑬𝑺𝑻𝑰𝑽𝑨𝑳 𝑨𝑴 𝑩𝑶𝑫𝑬𝑵𝑺𝑬𝑬 4.𝑬𝑫𝑰𝑻𝑰𝑶𝑵 💎 Urban Kiz Temptation Festival – Lake Constance | 4th Edition 💎
🌊 4 days of dance, connection & unforgettable vibes in a warm, friendly and family-like atmosphere at beautiful Lake Constance 🇩🇪 From 20 € 1",https://www.goandance.com/en/event/9347/4,festivals,6,https://www.goandance.com/en/festivals?page=5,,2026-10-09T20:09:26+00:00,2026-10-09T20:09:26+00:00,,,
9357,"26 - 30 NOV 2026 Val-de-Marne, France 🌎 International Bachata Zouk Festival 🌎 🪐TWO WORLDS, ONE PLACE 🪐, WHEN BACHATA MEET ZOUK 
✨ 35+ international and national artists
🎶 2 rooms (Bachata / Zouk B) From 59 €",https://www.goandance.com/en/event/9357/international-bachata-zouk-festival,festivals,3,https://www.goandance.com/en/festivals?page=2,,2026-10-09T20:09:26+00:00,2026-10-09T20:09:26+00:00,,,
9359,"26 - 28 FEB 2027 Alicante, Spain La Escapada Calpe 2027 (50% SALSA 50% BACHATA 100% ESCAPADA) 🔥 50% SALSA 50% BACHATA 100% ESCAPADA
Mixed Workshops and Socials
No shows here | Here the artists dance with you | Here you'll find instructors you don't see in your city | since 2007 ❤️ From 125 € 95 €",https://www.goandance.com/en/event/9359/la-escapada-calpe-2027-50-salsa-50-bachata-100-escapada,festivals,5,https://www.goandance.com/en/festivals?page=4,,2026-10-09T20:09:26+00:00,2026-10-09T20:09:26+00:00,,,
9360,"26 - 29 MAR 2027 Sofia (stolitsa), Bulgaria Carpe Diem Festival Bulgaria Can’t wait to create something truly special together.
🗓️ March 26–28, 2027
📍 Inter Expo Center
💥 3,000 sq.m. dancing floor 
🕺 3 days of workshops & parties
✨ Spectacular Show
🏆 Competitions From 123 € 99 €",https://www.goandance.com/en/event/9360/carpe-diem-festival-bulgaria,festivals,9,https://www.goandance.com/en/festivals?page=8,,2026-10-09T20:09:26+00:00,2026-10-09T20:09:26+00:00,,,
9369,"10 - 14 DEC 2026 Val-d'Oise, France PARIS KIZZ EXPERIENCE FESTIVAL 2026 Urban Kiz - Tarraxo festival ✨ ALL IN ONE ✨✨NEW CONCEPT✨
✨3 AREAS ✨ 3 ATMOSPHERES ✨
💥 JACK & JILL COMPETITION 💥
ROOM 💯 TARRAXO 
ROOM 💯 URBAN KIZ/KIZOMBA/SEMBA
ROOM 💯 GUETTO ZOUK/ KOMPA/ DOUCEUR From 140 € 120 €",https://www.goandance.com/en/event/9369/paris-kizz-experience-festival-2026,festivals,7,https://www.goandance.com/en/festivals?page=6,,2026-10-09T20:09:26+00:00,2026-10-09T20:09:26+00:00,,,
9370,"04 - 07 MAR 2027 Sevilla, Spain Bachatasia World Congress 2027 Exclusive Early Access — Bachatasia 2027
Before the world sees it, you are already inside.
We are opening an exclusive early access for clients who have already experienced Bachatasia From 150 € 90 €",https://www.goandance.com/en/event/9370/bachatasia-world-congress-2027,festivals,7,https://www.goandance.com/en/festivals?page=6,,2026-10-09T20:09:26+00:00,2026-10-09T20:09:26+00:00,,,
9371,"13 - 29 NOV 2026 Las Palmas, Spain Surf 'n Zouk 2026 GRAN CANARIA Escape the winter - learn to surf with fellow Zoukers in the Gran Canaria sun! Tickets not available",https://www.goandance.com/en/event/9371/surf-n-zouk-2026-gran-canaria,festivals,10,https://www.goandance.com/en/festivals?page=9,,2026-10-09T20:09:26+00:00,2026-10-09T20:09:26+00:00,,,
9374,"05 - 07 MAR 2027 Barcelona, Spain TIMBEANDO & MAMBO FESTIVAL 2027 From 105 €",https://www.goandance.com/en/event/9374/timbeando-mambo-festival-2027,festivals,5,https://www.goandance.com/en/festivals?page=4,,2026-10-09T20:09:26+00:00,2026-10-09T20:09:26+00:00,,,
9375,"05 - 07 MAR 2027 Baden-Württemberg, Germany SWAY Ladystyle Weekender Lets celebrate Women´s Day From 129 € 119 €",https://www.goandance.com/en/event/9375/sway-ladystyle-weekender,festivals,6,https://www.goandance.com/en/festivals?page=5,,2026-10-09T20:09:26+00:00,2026-10-09T20:09:26+00:00,,,
9398,"05 - 08 NOV 2026 Girona, Spain La Liada de las Tentaciones - 10th Edition 🔥 La Liada de las Tentaciones 🔥

From November 5th to 8th, Hotel Don Juan becomes the epicenter of the wildest bachata experience. From 85 €",https://www.goandance.com/en/event/9398/la-liada-de-las-tentaciones-10th-edition,festivals,2,https://www.goandance.com/en/festivals?page=1,,2026-10-09T20:09:26+00:00,2026-10-09T20:09:26+00:00,HTTP_200,La Liada de las Tentaciones - 10th Edition | go&dance,"🔥 La Liada de las Tentaciones 🔥

From November 5th to 8th, Hotel Don Juan becomes the epicenter of the wildest bachata experience. "
9400,"05 - 07 MAR 2027 Milano, Italy Bachata Day 2027 The largest and most legendary bachata congress in Italy: 40+ hours of workshops, 3 nights in 3 rooms, and the world’s top artists. A must-see for every bachata lover. From 160 € 120 €",https://www.goandance.com/en/event/9400/bachata-day-2027,festivals,4,https://www.goandance.com/en/festivals?page=3,,2026-10-09T20:09:26+00:00,2026-10-09T20:09:26+00:00,,,
9407,"06 - 08 NOV 2026 Hessen, Germany GRAN BACHATA LATIN FESTIVAL 🔥 Dance, Learn, Connect in Frankfurt!
Conexión – Gran Bachata Latin Festival 2026
📅 Nov 6th - 8th, 2026 | 📍 Frankfurt am Main

Experience an epic weekend with the best of Bachata and Latin rhythms! From 129 €",https://www.goandance.com/en/event/9407/gran-bachata-latin-festival,festivals,2,https://www.goandance.com/en/festivals?page=1,,2026-10-09T20:09:26+00:00,2026-10-09T20:09:26+00:00,HTTP_200,GRAN BACHATA LATIN FESTIVAL | go&dance,"🔥 Dance, Learn, Connect in Frankfurt!
Conexión – Gran Bachata Latin Festival 2026
📅 Nov 6th - 8th, 2026 | 📍 Frankfurt am Main

Experience an epic weekend with the..."
9414,"01 - 15 OCT 2026 Al Qāhirah, Egypt 14th Egypt AfroLatin Holidays - Oct 2026 🏝️ A festival designed as the ultimate Dance Vacation across 6 amazing destinations
🌍 Join dancers from around the world
🏖️ 3-15 days ☀️ 30°C weather
🇪🇬 Egypt’s #1 Dance Festival since 2010 💙 From 140 €",https://www.goandance.com/en/event/9414/14th-egypt-afrolatin-holidays-oct-2026,festivals,8,https://www.goandance.com/en/festivals?page=7,,2026-10-09T20:09:26+00:00,2026-10-09T20:09:26+00:00,,,
9415,"26 - 29 MAR 2027 Barcelona, Spain AB INTERNATIONAL CONGRESS [Barcelona] by Sensual Madness 2027 🔥 AB International Congress 2027 (26–29 Mar) — bigger, smoother, built with YOU. More socials (11h), shows, shuttles, better prices, top artists & nonstop vibes. 🚨 Don’t wait—secure your spot From 180 €",https://www.goandance.com/en/event/9415/ab-international-congress-barcelona-by-sensual-madness-2027,festivals,2,https://www.goandance.com/en/festivals?page=1,,2026-10-09T20:09:26+00:00,2026-10-09T20:09:26+00:00,HTTP_200,AB INTERNATIONAL CONGRESS [Barcelona] by Sensual Madness 2027 | go&dance,"🔥 AB International Congress 2027 (26–29 Mar) — bigger, smoother, built with YOU. More socials (11h), shows, shuttles, better prices, top artists & nonstop vibes...."
9422,"15 - 18 APR 2027 Västra Götalands län, Sweden Sweden Bachata Festival 2027 Experience the magic of Sweden Bachata Festival 2026! Four unforgettable days of parties, workshops & international artists in Gothenburg. Pure vibes, passion & connection From 115 €",https://www.goandance.com/en/event/9422/sweden-bachata-festival-2027,festivals,9,https://www.goandance.com/en/festivals?page=8,,2026-10-09T20:09:26+00:00,2026-10-09T20:09:26+00:00,,,
9451,"Promoted 09 - 15 MAR 2027 Girona, Spain BCN Sensual Family - The Weekend 2027 🔥 10th edition of the great Bachata family gathering: 2,000 dancers expected, 50 countries, NON STOP social dancing, luxury venues and a Jack & Jill with a €12,000 prize pool. Prices go up every mont From 190 € 125 €",https://www.goandance.com/en/event/9451/bcn-sensual-family-the-weekend-2027,festivals,1,https://www.goandance.com/en/festivals,,2026-10-09T20:09:26+00:00,2026-10-09T20:09:26+00:00,HTTP_200,BCN Sensual Family - The Weekend 2027 | go&dance,"🔥 10th edition of the great Bachata family gathering: 2,000 dancers expected, 50 countries, NON STOP social dancing, luxury venues and a Jack & Jill with a €12,000..."
9456,"30 OCT - 02 NOV 2026 Bouches-du-Rhône, France Social Bachata Meet Up  FRANCE 2026 Socialbachatameetup is a social dance festival featuring the longest-running national' s Jack&Jill competition since 2017, bringing together passionate dancers from all around the world. From 139 €",https://www.goandance.com/en/event/9456/social-bachata-meet-up-france-2026,festivals,3,https://www.goandance.com/en/festivals?page=2,,2026-10-09T20:09:26+00:00,2026-10-09T20:09:26+00:00,HTTP_200,Social Bachata Meet Up  FRANCE 2026 | go&dance,"Socialbachatameetup is a social dance festival featuring the longest-running national' s Jack&Jill competition since 2017, bringing together passionate dancers..."
9461,"19 - 22 MAR 2027 Val-d'Oise, France PARIS AFRO LATIN CONGRESS 2027 - DELUXE EDITION THE BIGGEST INTERNATIONAL AFROLATIN CONGRESS 
El Paris Afro Latin Congress es el congreso de baile más grande de Francia dedicado a la Bachata, Kizomba, Salsa y Zouk brasileño. From 80 €",https://www.goandance.com/en/event/9461/paris-afro-latin-congress-2027-deluxe-edition,festivals,6,https://www.goandance.com/en/festivals?page=5,,2026-10-09T20:09:26+00:00,2026-10-09T20:09:26+00:00,,,
9465,"05 - 07 MAR 2027 Albacete, Spain XVIII Encuentro Internacional de Ritmos Latinos ""ALBACETE EN SALSA 2027"" XVII 𝔼ℕℂ𝕌𝔼ℕ𝕋ℝ𝕆 𝕀ℕ𝕋𝔼ℝℕ𝔸𝕋𝕀𝕆ℕ𝔸𝕃 𝔻𝔼 ℝ𝕀𝕋𝕄𝕆𝕊 𝕃𝔸𝕋𝕀ℕ𝕆𝕊 𝔸𝕃𝔹𝔸ℂ𝔼𝕋𝔼 𝔼ℕ 𝕊𝔸𝕃𝕊𝔸 𝟚𝟘𝟚7. From March 5 to 7, 2027, this edition will be dedicated to “Conga Cubana” From 70 € 55 €",https://www.goandance.com/en/event/9465/xviii-encuentro-internacional-de-ritmos-latinos-albacete-en-salsa-2027,festivals,7,https://www.goandance.com/en/festivals?page=6,,2026-10-09T20:09:26+00:00,2026-10-09T20:09:26+00:00,,,
9468,"02 - 04 APR 2027 Baden-Württemberg, Germany Bachazouk Wave Bachzoukwave returns in April 2027! 🌊 A unique weekend with Brazilian Zouk & Bachata, inspiring workshops, great parties & Healthy Monday. First party starts Saturday 00:00. Trust the wave. From 149 € 109 €",https://www.goandance.com/en/event/9468/bachazouk-wave,festivals,8,https://www.goandance.com/en/festivals?page=7,,2026-10-09T20:09:26+00:00,2026-10-09T20:09:26+00:00,,,
9474,"13 - 17 MAY 2027 Girona, Spain Guaguancó Festival 2027 Gold Edition The largest Cuban music and culture event in Europe. From 150 € 120 €",https://www.goandance.com/en/event/9474/guaguanco-festival-2027-gold-edition,festivals,2,https://www.goandance.com/en/festivals?page=1,,2026-10-09T20:09:26+00:00,2026-10-09T20:09:26+00:00,HTTP_200,Guaguancó Festival 2027 Gold Edition | go&dance,The largest Cuban music and culture event in Europe.
9485,"22 - 25 JAN 2027 Guangdong Sheng, China Shenzhen Bachata Festival (SZBF) 2027 From 130 €",https://www.goandance.com/en/event/9485/shenzhen-bachata-festival-szbf-2027,festivals,7,https://www.goandance.com/en/festivals?page=6,,2026-10-09T20:09:26+00:00,2026-10-09T20:09:26+00:00,,,
9490,"13 - 15 NOV 2026 Lleida, Spain Connection & Dance Retreat (11th Edition) An intimate retreat of dance, connection and personal growth in nature. 35 people, 1 country house, lots of bachata, salsa, yoga and presence. 11th edition. From 355 €",https://www.goandance.com/en/event/9490/connection-dance-retreat-11th-edition,festivals,10,https://www.goandance.com/en/festivals?page=9,,2026-10-09T20:09:26+00:00,2026-10-09T20:09:26+00:00,,,
9503,"30 OCT - 02 NOV 2026 Hillingdon, United Kingdom Pulse bachata festival 2026 Join the first edition of #PBF26 ‼️ 

Maybe the best bachata social dancing experience that the UK scene has ever experienced, will you be there at the end of October?

Oct 30th/31st - 1st Nov From 175 €",https://www.goandance.com/en/event/9503/pulse-bachata-festival-2026,festivals,2,https://www.goandance.com/en/festivals?page=1,,2026-10-09T20:09:26+00:00,2026-10-09T20:09:26+00:00,HTTP_200,Pulse bachata festival 2026 | go&dance,"Join the first edition of #PBF26 ‼️ 

Maybe the best bachata social dancing experience that the UK scene has ever experienced, will you be there at the end of October?..."
9504,"08 - 12 APR 2027 Málaga, Spain Hot Tropical Dance Festival Màlaga 2027 Welcome to the next evolution of the Hot Tropical dance Festival. From 150,99 € 105,99 €",https://www.goandance.com/en/event/9504/hot-tropical-dance-festival-malaga-2027,festivals,6,https://www.goandance.com/en/festivals?page=5,,2026-10-09T20:09:26+00:00,2026-10-09T20:09:26+00:00,,,
9509,"02 - 04 APR 2027 Girona, Spain Kizomba Barcelona Congress 2027 101th Kizomba Barcelona CONGRESS 🔝🔝

Kizomba, Urbankiz, tarraxo, week...all the best of Kizomba in an international event that will make you vibrate

Pool parties and spectacular nights From 115 € 85 €",https://www.goandance.com/en/event/9509/kizomba-barcelona-congress-2027,festivals,8,https://www.goandance.com/en/festivals?page=7,,2026-10-09T20:09:26+00:00,2026-10-09T20:09:26+00:00,,,
9525,"06 - 08 NOV 2026 Valladolid, Spain XVI Kizombéalo Valladolid 2026 It's been a long time coming, but here it is!!

16th KIZOMBÉALO VALLADOLID

November 6, 7 & 8, 2026

We'll be waiting for you!! From 80 € 67,5 €",https://www.goandance.com/en/event/9525/xvi-kizombealo-valladolid-2026,festivals,6,https://www.goandance.com/en/festivals?page=5,,2026-10-09T20:09:26+00:00,2026-10-09T20:09:26+00:00,,,
9541,"22 - 24 JAN 2027 Cádiz, Spain CADIZFORNIA DANCE FESTIVAL From 75 €",https://www.goandance.com/en/event/9541/cadizfornia-dance-festival,festivals,7,https://www.goandance.com/en/festivals?page=6,,2026-10-09T20:09:26+00:00,2026-10-09T20:09:26+00:00,,,
9544,"27 - 29 NOV 2026 Milano, Italy QUEENS & KINGS OF SALSA 2026 The stage is set… are you ready?
An exclusive event for those who live salsa with passion, style, and energy.
Where elegance meets rhythm, and Queens & Kings shine together. From 170 € 160 €",https://www.goandance.com/en/event/9544/queens-kings-of-salsa-2026,festivals,4,https://www.goandance.com/en/festivals?page=3,,2026-10-09T20:09:26+00:00,2026-10-09T20:09:26+00:00,,,
9545,"06 - 08 NOV 2026 Baden-Württemberg, Germany Black Forest Bachata Days You asked for it, we deliver...
This time two days full of learning and dancing.
Same venue, even greater vibes.. From 119 €",https://www.goandance.com/en/event/9545/black-forest-bachata-days,festivals,3,https://www.goandance.com/en/festivals?page=2,,2026-10-09T20:09:26+00:00,2026-10-09T20:09:26+00:00,,,
9549,"22 - 24 JAN 2027 Bizkaia, Spain Cambré Dance Festival 2027 Now in its 6th year, hundreds of salsa and bachata enthusiasts gather in an intimate, family-friendly atmosphere. Workshops and social events with direct access to the artists. A unique experience you won’t want to miss. From 150 € 130 €",https://www.goandance.com/en/event/9549/cambre-dance-festival-2027,festivals,5,https://www.goandance.com/en/festivals?page=4,,2026-10-09T20:09:26+00:00,2026-10-09T20:09:26+00:00,,,
9550,"14 FEB 2027 Hamburg, Germany BACHATAMANIA FESTIVAL Bachatamania – a Valentine’s festival full of connection, passion & dance. 6h workshops, 6h masterclasses, 6h social dancing, top artists & unique vibes in Hamburg. Join the experience! From 70 € 55 €",https://www.goandance.com/en/event/9550/bachatamania-festival,festivals,9,https://www.goandance.com/en/festivals?page=8,,2026-10-09T20:09:26+00:00,2026-10-09T20:09:26+00:00,,,
9551,"24 OCT 2026 Barcelona, Spain Barcelona Kizomba Day 2026 A full day of workshops and an amazing social event 😃😃 If you&#x27;re a kizombero, you can&#x27;t miss it! From 35 € 30 €",https://www.goandance.com/en/event/9551/barcelona-kizomba-day-2026,festivals,4,https://www.goandance.com/en/festivals?page=3,,2026-10-09T20:09:26+00:00,2026-10-09T20:09:26+00:00,,,
9552,"12 - 17 MAY 2027 Girona, Spain A LO DOMINICAN FESTIVAL 2027 (8ª EDICIÓN - DEI CAMPO A LA CIUDAD) From 220 €",https://www.goandance.com/en/event/9552/a-lo-dominican-festival-2027-8a-edicion-dei-campo-a-la-ciudad,festivals,8,https://www.goandance.com/en/festivals?page=7,,2026-10-09T20:09:26+00:00,2026-10-09T20:09:26+00:00,,,
9553,"23 - 25 APR 2027 Torino, Italy MAMMA MIA BACHATA WEEKEND 6th edition MAMMA MIA Weekend, ɪɴᴛᴇʀɴᴀᴛɪᴏɴᴀʟ BACHATA CONGRESS
APRIL 23th-25th, 2027 - ᴛᴜʀɪɴ, ɪᴛ


Italian eXtravagance! Get ready for the biggest and most exciting edition yet of MAMMA MIA Weekend — 6th edition From 129 € 99 €",https://www.goandance.com/en/event/9553/mamma-mia-bachata-weekend-6th-edition,festivals,8,https://www.goandance.com/en/festivals?page=7,,2026-10-09T20:09:26+00:00,2026-10-09T20:09:26+00:00,,,
9558,"05 - 08 FEB 2027 Skåne län, Sweden Malmö Bachata Festival (Sweden) - February 2027 From 95 €",https://www.goandance.com/en/event/9558/malmoe-bachata-festival-sweden-february-2027,festivals,3,https://www.goandance.com/en/festivals?page=2,,2026-10-09T20:09:26+00:00,2026-10-09T20:09:26+00:00,,,
9563,"Promoted 22 - 26 OCT 2026 Baden-Württemberg, Germany Festival de Cuba Stuttgart - Germany 2026 (21st Edition) 💯 21st edition full of Cuban rhythm, joy & flair!
✔ 4 days of incredible parties
✔ 40+ workshops
✔ Amazing international Cuban line-up
✔ Dancers from 30+ countries
✔ 1,000+ m² of workshop sp",https://www.goandance.com/en/event/9563/festival-de-cuba-stuttgart-germany-2026-21st-edition,festivals,9,https://www.goandance.com/en/festivals?page=8,,2026-10-09T20:09:26+00:00,2026-10-09T20:09:26+00:00,,,
9573,"04 - 06 JUN 2027 Barcelona, Spain CARIBBEAN DANCE FESTIVAL 2027 Don&#x27;t miss the Caribbean Dance Festival 2027! Jun 4-6, 2027. Salsa, bachata, workshops, parties, and much more. Limited spots available! 🎉💃🏾🔥 From 170 €",https://www.goandance.com/en/event/9573/caribbean-dance-festival-2027,festivals,6,https://www.goandance.com/en/festivals?page=5,,2026-10-09T20:09:26+00:00,2026-10-09T20:09:26+00:00,,,
9588,"29 APR - 02 MAY 2027 Barcelona, Spain Esencia Paradise 2027 Bachata Festival✨ The 5th edition From 105 €",https://www.goandance.com/en/event/9588/esencia-paradise-2027-bachata-festival,festivals,6,https://www.goandance.com/en/festivals?page=5,,2026-10-09T20:09:26+00:00,2026-10-09T20:09:26+00:00,,,
9601,"05 - 11 MAY 2027 Durrës, Albania ALBANIA AFROLATIN FESTIVAL 2027 ESCAPE THE ORDINARY – ALL IN ONE EVENT From 115 € 105 €",https://www.goandance.com/en/event/9601/albania-afrolatin-festival-2027,festivals,3,https://www.goandance.com/en/festivals?page=2,,2026-10-09T20:09:26+00:00,2026-10-09T20:09:26+00:00,HTTP_200,ALBANIA AFROLATIN FESTIVAL 2027 | go&dance,ESCAPE THE ORDINARY – ALL IN ONE EVENT
9603,"05 - 07 MAR 2027 Baden-Württemberg, Germany Bachazouk Festival - Germany Bachazouk Festival Germany 🇩🇪 is Germany’s dedicated Bachazouk event, bringing together top international artists, high-quality workshops, masterclasses, social dancing, and Jack & Jill competitions From 130 €",https://www.goandance.com/en/event/9603/bachazouk-festival-germany,festivals,4,https://www.goandance.com/en/festivals?page=3,,2026-10-09T20:09:26+00:00,2026-10-09T20:09:26+00:00,,,
9617,"22 - 26 APR 2027 Barcelona, Spain Zouk World Barcelona Congress 2027 Workshops, parties, and accommodation at the same hotel with full board:  +20 artists of different BrZL styles, +50h of social dancing: Marathon&parties, +30h of workshops, Official BZDC&LWDC J&J. From 102,9 € 72,6 €",https://www.goandance.com/en/event/9617/zouk-world-barcelona-congress-2027,festivals,4,https://www.goandance.com/en/festivals?page=3,,2026-10-09T20:09:26+00:00,2026-10-09T20:09:26+00:00,,,
9628,"30 OCT - 01 NOV 2026 Barcelona, Spain Festival de Freedom Otoño Freedom Autumn Festival 🍂After what we experienced at the Freedom Festival in May, it was clear to us that just one festival a year was not enough.That is why, from October 30th to November 1st, we w Tickets not available",https://www.goandance.com/en/event/9628/festival-de-freedom-otono,festivals,10,https://www.goandance.com/en/festivals?page=9,,2026-10-09T20:09:26+00:00,2026-10-09T20:09:26+00:00,,,
9633,"14 - 17 MAY 2027 Berlin, Germany Xplosion RITMO BERLIN Festival 2027 - Festival of Next Generation 35+ hrs of workshops 
20+ international artists  
3 big parties 
Day socials 
5 editions of listening, improving and going all in From 190 € 145 €",https://www.goandance.com/en/event/9633/xplosion-ritmo-berlin-festival-2027-festival-of-next-generation,festivals,8,https://www.goandance.com/en/festivals?page=7,,2026-10-09T20:09:26+00:00,2026-10-09T20:09:26+00:00,,,
9636,"09 - 11 APR 2027 Hessen, Germany FRANKFURT BACHATA UNITED ✨ WELCOME TO FRANKFURT BACHATA UNITED ✨An event created for the dancers who truly love the social floor, the connection, the music and the community ❤️  ALL STYLES. ONE COMMUNITY. From 69 €",https://www.goandance.com/en/event/9636/frankfurt-bachata-united,festivals,6,https://www.goandance.com/en/festivals?page=5,,2026-10-09T20:09:26+00:00,2026-10-09T20:09:26+00:00,,,
9642,"02 - 04 APR 2027 Paphos, Cyprus Aphrodite Bachata Experience 2027 An all-in-one-venue festival, that offers a seamless experience, combining accommodation, workshops, and social dancing under one roof. Located just 15 minutes from Paphos Airport. From 160 € 150 €",https://www.goandance.com/en/event/9642/aphrodite-bachata-experience-2027,festivals,3,https://www.goandance.com/en/festivals?page=2,,2026-10-09T20:09:26+00:00,2026-10-09T20:09:26+00:00,HTTP_200,Aphrodite Bachata Experience 2027 | go&dance,"An all-in-one-venue festival, that offers a seamless experience, combining accommodation, workshops, and social dancing under one roof. Located just 15 minutes..."
9646,"13 - 15 NOV 2026 Firenze, Italy A Toda Cuba Festival 2026 100% CUBAN FESTIVAL in FLORENCE ⚜️ From 170 € 160 €",https://www.goandance.com/en/event/9646/a-toda-cuba-festival-2026,festivals,10,https://www.goandance.com/en/festivals?page=9,,2026-10-09T20:09:26+00:00,2026-10-09T20:09:26+00:00,,,
9647,"13 - 15 NOV 2026 Firenze, Italy Urban Flow Dance Festival 2026 100% Urban & Reggaeton Festival in Florence! 🔥🎧 ✨ Join URBAN FLOW! From 105 € 100 €",https://www.goandance.com/en/event/9647/urban-flow-dance-festival-2026,festivals,10,https://www.goandance.com/en/festivals?page=9,,2026-10-09T20:09:26+00:00,2026-10-09T20:09:26+00:00,,,
9651,"03 - 04 APR 2027 Firenze, Italy Dominican Day 2027 100% Dominican Bachata in Florence! 🇩🇴⚜️ A journey into the roots of your passion 🔥 From 105 € 85 €",https://www.goandance.com/en/event/9651/dominican-day-2027,festivals,9,https://www.goandance.com/en/festivals?page=8,,2026-10-09T20:09:26+00:00,2026-10-09T20:09:26+00:00,,,
9655,"27 - 31 MAY 2027 Haute-Garonne, France Bachata A Otro Nivel Festival 2027 From 85 €",https://www.goandance.com/en/event/9655/bachata-a-otro-nivel-festival-2027,festivals,6,https://www.goandance.com/en/festivals?page=5,,2026-10-09T20:09:26+00:00,2026-10-09T20:09:26+00:00,,,
9657,"14 - 17 MAY 2027 Primorsko-goranska županija, Croatia Fiume Fusion Festival FIUME FUSION FESTIVAL is a brand new Salsa, Bachata & Kizomba experience by the Adriatic Sea in Rijeka.
Dance all day, vibe all night, and feel the fusion of music, movement and sea energy. 🌊🔥💃 From 135 € 95 €",https://www.goandance.com/en/event/9657/fiume-fusion-festival,festivals,6,https://www.goandance.com/en/festivals?page=5,,2026-10-09T20:09:26+00:00,2026-10-09T20:09:26+00:00,,,
9660,"16 - 19 OCT 2026 Milano, Italy DominicanITA Experience Festival 2026 6d 18h 49m 24s From 99 €",https://www.goandance.com/en/event/9660/dominicanita-experience-festival-2026,festivals,3,https://www.goandance.com/en/festivals?page=2,,2026-10-09T20:09:26+00:00,2026-10-09T20:09:26+00:00,,,
9668,"16 - 19 APR 2027 Genova, Italy World Salsa Meeting 2027 (17° th Edition) From 170 € 120 €",https://www.goandance.com/en/event/9668/world-salsa-meeting-2027-17-th-edition,festivals,8,https://www.goandance.com/en/festivals?page=7,,2026-10-09T20:09:26+00:00,2026-10-09T20:09:26+00:00,,,
9675,"16 - 18 OCT 2026 Antwerpen, Belgium Classy Urbankiz festival The  Battle Kizz  - Benelux Qualifier 
 
Our team is glad and excited to welcome you on the 16, 17, and 18 October 2026.
The first edition of this amazing festival will take place in Belgium. 6d 15h 49m 06s From 20 €",https://www.goandance.com/en/event/9675/classy-urbankiz-festival,festivals,8,https://www.goandance.com/en/festivals?page=7,,2026-10-09T20:09:26+00:00,2026-10-09T20:09:26+00:00,,,
9689,"11 - 14 JUN 2027 Barcelona, Spain CRAZY DANCE FESTIVAL 2027 You don&#x27;t come here to relax. You come here to sweat it out dancing, scream at the pool party, lose your voice at the social events, and laugh until it hurts. This isn&#x27;t a festival. It&#x27;s CRAZY. From 99 € 89 €",https://www.goandance.com/en/event/9689/crazy-dance-festival-2027,festivals,9,https://www.goandance.com/en/festivals?page=8,,2026-10-09T20:09:26+00:00,2026-10-09T20:09:26+00:00,,,
9691,"HOT 🔥 03 - 06 JUN 2027 Girona, Spain BARCELONA ZUMBA FESTIVAL 2027 💃 3–6 June 2027 · Lloret de Mar, Costa Brava. 4 days of Zumba, international presenters, pool vibes and themed parties. 🏨 Gold & General packages with 3 hotel nights and full board. From 390 € 375 €",https://www.goandance.com/en/event/9691/barcelona-zumba-festival-2027,festivals,1,https://www.goandance.com/en/festivals,,2026-10-09T20:09:26+00:00,2026-10-09T20:09:26+00:00,HTTP_200,BARCELONA ZUMBA FESTIVAL 2027 | go&dance,"💃 3–6 June 2027 · Lloret de Mar, Costa Brava. 4 days of Zumba, international presenters, pool vibes and themed parties. 🏨 Gold & General packages with 3 hotel nights..."
9704,"09 - 10 OCT 2026 Mazowieckie, Poland WARSAW ZUMBA FESTIVAL 2026 Join us for an unforgettable 2-day dance and fitness experience in the heart of Warsaw., enjoy world class Zumba masterclasses, workshops and themed parties. From 90 €",https://www.goandance.com/en/event/9704/warsaw-zumba-festival-2026,festivals,3,https://www.goandance.com/en/festivals?page=2,,2026-10-09T20:09:26+00:00,2026-10-09T20:09:26+00:00,,,
9719,"20 - 24 MAY 2027 Barcelona, Spain ALMA BACHATA, KIZOMBA & BRAZILIAN ZOUK FESTIVAL 2027 - IV EDITION Bachata, Kizomba & Brazilian Zouk From 10 €",https://www.goandance.com/en/event/9719/alma-bachata-kizomba-and-brazilian-zouk-festival-2027-iv-edition,festivals,8,https://www.goandance.com/en/festivals?page=7,,2026-10-09T20:09:26+00:00,2026-10-09T20:09:26+00:00,,,
9726,"22 - 25 OCT 2027 Praha, Hlavní město, Czechia Bachata Magic Festival Prague 2027 - WORLD MASTERY EDITION Are you ready for the next edition? ✨ A special one, as always! WORLD MASTERY EDITION is coming! From 90 €",https://www.goandance.com/en/event/9726/bachata-magic-festival-prague-2027-world-mastery-edition,festivals,10,https://www.goandance.com/en/festivals?page=9,,2026-10-09T20:09:26+00:00,2026-10-09T20:09:26+00:00,,,
9730,"06 - 08 NOV 2026 Baden-Württemberg, Germany PRIME Bachata Weekend 2026 PRIME Bachata Weekend | Ulm | Bachata Sensual × Bachazouk | 06–08 November 2026 | Limited passes From 94,95 €",https://www.goandance.com/en/event/9730/prime-bachata-weekend-2026,festivals,3,https://www.goandance.com/en/festivals?page=2,,2026-10-09T20:09:26+00:00,2026-10-09T20:09:26+00:00,,,
9736,"04 - 07 JUN 2027 Barcelona, Spain GAF SUMMER FESTIVAL  4 -7 JUNE 2027 From 95 €",https://www.goandance.com/en/event/9736/gaf-summer-festival-4-7-june-2027,festivals,4,https://www.goandance.com/en/festivals?page=3,,2026-10-09T20:09:26+00:00,2026-10-09T20:09:26+00:00,,,
9746,"09 - 12 OCT 2026 Berlin, Germany Afro Cuban Berlin Afro-Cuban Berlin is a new boutique salsa festival dedicated to Salsa, Timba and Afro-Cuban roots of the dance and to a deeper understanding of rhythm. From 199 €",https://www.goandance.com/en/event/9746/afro-cuban-berlin,festivals,10,https://www.goandance.com/en/festivals?page=9,,2026-10-09T20:09:26+00:00,2026-10-09T20:09:26+00:00,,,
9748,"12 - 14 FEB 2027 Girona, Spain Love Dance Festival 15 Edition - February 2027 Edición Valentine's Day and Carnival Edition The most anticipated Salsa and Bachata event of the year.

With more than 15 successful editions, Love Dance Festival brings together world-class artists and dancers from across",https://www.goandance.com/en/event/9748/love-dance-festival-15-edition-february-2027-edicion-valentine-s-day-and-carnival-edition,festivals,4,https://www.goandance.com/en/festivals?page=3,,2026-10-09T20:09:26+00:00,2026-10-09T20:09:26+00:00,,,
9764,"31 OCT - 01 NOV 2026 Vorarlberg, Austria Halloween Dance & Workshop Event Dornbirn 2026 Halloween Dance Weekend in Dornbirn: Intensive Zouk, Bachata and Cuban Salsa with workshops, practica and party. 

More info: www.bailaviva.ch

""Halloween Dornbirn"" Hotel code! From 149 € 139 €",https://www.goandance.com/en/event/9764/halloween-dance-and-workshop-event-dornbirn-2026,festivals,7,https://www.goandance.com/en/festivals?page=6,,2026-10-09T20:09:26+00:00,2026-10-09T20:09:26+00:00,,,
9769,"Promoted 04 - 07 DEC 2026 Vilnius, Lithuania LITHUANIA Bachata Festival 🇱🇹 2026 ★ 3/4/5/6 December 2026 ★ 𝗕𝗮𝗰𝗵𝗮𝘁𝗮 𝗙𝗲𝘀𝘁𝗶𝘃𝗮𝗹 𝗶𝗻 𝗩𝗶𝗹𝗻𝗶𝘂𝘀 𝗢𝗹𝗱 𝗧𝗼𝘄𝗻 — 𝘄𝗵𝗲𝗿𝗲 𝘀𝘁𝗿𝗮𝗻𝗴𝗲𝗿𝘀 𝗯𝗲𝗰𝗼𝗺𝗲 𝗙𝗿𝗶𝗲𝗻𝗱𝘀, 𝗮𝗻𝗱 𝗖𝗼𝗻𝗻𝗲𝗰𝘁𝗶𝗼𝗻𝘀 𝗹𝗮𝘀𝘁 𝗮 𝗟𝗶𝗳𝗲𝘁𝗶𝗺𝗲. ✨ From 74 € 69 €",https://www.goandance.com/en/event/9769/lithuania-bachata-festival-2026-3-4-5-6-december-2026,festivals,1,https://www.goandance.com/en/festivals,,2026-10-09T20:09:26+00:00,2026-10-09T20:09:26+00:00,HTTP_200,LITHUANIA Bachata Festival 🇱🇹 2026 ★ 3/4/5/6 December 2026 ★ | go&dance,"𝗕𝗮𝗰𝗵𝗮𝘁𝗮 𝗙𝗲𝘀𝘁𝗶𝘃𝗮𝗹 𝗶𝗻 𝗩𝗶𝗹𝗻𝗶𝘂𝘀 𝗢𝗹𝗱 𝗧𝗼𝘄𝗻 — 𝘄𝗵𝗲𝗿𝗲 𝘀𝘁𝗿𝗮𝗻𝗴𝗲𝗿𝘀 𝗯𝗲𝗰𝗼𝗺𝗲 𝗙𝗿𝗶𝗲𝗻𝗱𝘀, 𝗮𝗻𝗱 𝗖𝗼𝗻𝗻𝗲𝗰𝘁𝗶𝗼𝗻𝘀 𝗹𝗮𝘀𝘁 𝗮 𝗟𝗶𝗳𝗲𝘁𝗶𝗺𝗲. ✨"
9773,"23 - 25 OCT 2026 Girona, Spain BTS Dance Fest (6th Edition) Juny and October.
Bachata, Timba, and Salsa.
More than 30 workshops with top artists.
Two social nights with our official DJs.
Pool party and many more surprises... From 59 €",https://www.goandance.com/en/event/9773/bts-dance-fest-6th-edition,festivals,3,https://www.goandance.com/en/festivals?page=2,,2026-10-09T20:09:26+00:00,2026-10-09T20:09:26+00:00,,,
9777,"27 - 30 NOV 2026 Skåne län, Sweden Nordic Moves Bachata Congress 2026 ✨Nordic Moves Congress 2026✨ 27-30 November - Malmö, Sweden. 24h of workshops, 3 nights of parties until 06am, Jack and Jill competition, international artists and unforgettable vibes! From 50 €",https://www.goandance.com/en/event/9777/nordic-moves-bachata-congress-2026,festivals,3,https://www.goandance.com/en/festivals?page=2,,2026-10-09T20:09:26+00:00,2026-10-09T20:09:26+00:00,HTTP_200,Nordic Moves Bachata Congress 2026 | go&dance,"✨Nordic Moves Congress 2026✨ 27-30 November - Malmö, Sweden. 24h of workshops, 3 nights of parties until 06am, Jack and Jill competition, international artists..."
9803,"09 - 11 OCT 2026 Baden-Württemberg, Germany Noviti Dancelife Experience 2026 A vibrant celebration of 5 years of NOVITI DANCELIFE 🤍.
We bring people together to celebrate and connect to the roots of music and dance from across cultures. From 100 €",https://www.goandance.com/en/event/9803/noviti-dancelife-experience-2026,festivals,6,https://www.goandance.com/en/festivals?page=5,,2026-10-09T20:09:26+00:00,2026-10-09T20:09:26+00:00,,,
9819,"06 - 08 NOV 2026 Latina, Italy 6/7/8 NOVEMBRE - PASSIONE BACHATA CONGRESS From 139 € 109 €",https://www.goandance.com/en/event/9819/6-7-8-novembre-passione-bachata-congress,festivals,6,https://www.goandance.com/en/festivals?page=5,,2026-10-09T20:09:26+00:00,2026-10-09T20:09:26+00:00,,,
9821,"10 - 13 JUN 2027 Kaunas, Lithuania Kaunas Bachata Festival 2027 The 6th Edition of the Kaunas Bachata Festival it already recognised as well known festival in the Baltics with an amazing atmosphere and legendary open air parties in the city center. From 110 €",https://www.goandance.com/en/event/9821/kaunas-bachata-festival-2027,festivals,9,https://www.goandance.com/en/festivals?page=8,,2026-10-09T20:09:26+00:00,2026-10-09T20:09:26+00:00,,,
9823,"18 - 20 JUN 2027 Praha, Hlavní město, Czechia Bachata Balance Prague Congress 2027 (18.-20.6.) Dance in a palace! 3 halls for parties and WS, perfect Balance of all Styles, Specials for advanced, best learning environment: 90-min workshops with pauses, excellent teachers, guest dancers and more From",https://www.goandance.com/en/event/9823/bachata-balance-prague-congress-2027-18-20-6,festivals,9,https://www.goandance.com/en/festivals?page=8,,2026-10-09T20:09:26+00:00,2026-10-09T20:09:26+00:00,,,
9829,"23 - 26 OCT 2026 Baden-Württemberg, Germany Official : DJ Got us fallin in love Kizomba 2026 From 10 €",https://www.goandance.com/en/event/9829/official-dj-got-us-fallin-in-love-kizomba-2026,festivals,2,https://www.goandance.com/en/festivals?page=1,,2026-10-09T20:09:26+00:00,2026-10-09T20:09:26+00:00,HTTP_200,Official : DJ Got us fallin in love Kizomba 2026 | go&dance,"Ready for the ROAR in 2026 ?
✅ Follow us on instagram &amp; stay updated : www.instagram.com/dj.gufil.k"
9842,"22 - 26 APR 2027 Tarragona, Spain Global Tarraxo Spain 🌍 Ready for our second edition in Spain? 🇪🇸
Think summer holidays, sunny vibes, and non-stop energy with the Global Tarraxo family! 🎶💃 From 69 €",https://www.goandance.com/en/event/9842/global-tarraxo-spain,festivals,6,https://www.goandance.com/en/festivals?page=5,,2026-10-09T20:09:26+00:00,2026-10-09T20:09:26+00:00,,,
9845,"29 JAN - 01 FEB 2027 Bouches-du-Rhône, France Quien Manda Festival 2027 workshops 100% women 💃🏻 
workshops 100% men 🕺🏼 
bootcamps, 
Show Night in a Theater,
amazing before parties ,
and crazy parties 🤩🤩 From 139 €",https://www.goandance.com/en/event/9845/quien-manda-festival-2027,festivals,9,https://www.goandance.com/en/festivals?page=8,,2026-10-09T20:09:26+00:00,2026-10-09T20:09:26+00:00,,,
9850,"20 - 22 NOV 2026 Västerbottens län, Sweden North Zouk & Bachata fest North Zouk & Bachata Festival
20–22 Nov 2026 | Skellefteå
More than 16 hours of masterclasses with international teachers. Energetic parties Friday & Saturday!
Tickets on sale now 🔥 From 145 €",https://www.goandance.com/en/event/9850/north-zouk-and-bachata-fest,festivals,5,https://www.goandance.com/en/festivals?page=4,,2026-10-09T20:09:26+00:00,2026-10-09T20:09:26+00:00,,,
9857,"22 - 24 JAN 2027 Hajdú-Bihar, Hungary Flow & Feel Festival Flow & Feel Festival 2027 💜 Three days of Kizomba, Bachata & Salsa, workshops, two-room parties and international artists at Hotel Délibáb, Hajdúszoboszló, January 22–24. From 125 €",https://www.goandance.com/en/event/9857/flow-and-feel-festival,festivals,9,https://www.goandance.com/en/festivals?page=8,,2026-10-09T20:09:26+00:00,2026-10-09T20:09:26+00:00,,,
9858,"11 - 17 MAY 2027 Santa Cruz de Tenerife, Spain Tenerife Dance Festival 2027 ""Holiday Experience Festival: Pool Party, Top Workshops, Water Park Excursion, Shows, competitions & socials till 6 AM."" From 90 €",https://www.goandance.com/en/event/9858/tenerife-dance-festival-2027,festivals,3,https://www.goandance.com/en/festivals?page=2,,2026-10-09T20:09:26+00:00,2026-10-09T20:09:26+00:00,,,
9859,"12 - 14 FEB 2027 București, Romania Sensual Bachata Festival Bucharest 2027 (SBF) YOU, 4th Edition of SBF Bucharest & PURE MAGIC! 3 days & nights of explosive moments with the Entire Bachata Sensual Team united, world-class artists, Masterclasses, hot DJs and incendiary parties! From 100 €",https://www.goandance.com/en/event/9859/sensual-bachata-festival-bucharest-2027-sbf,festivals,4,https://www.goandance.com/en/festivals?page=3,,2026-10-09T20:09:26+00:00,2026-10-09T20:09:26+00:00,,,
9879,"19 - 21 FEB 2027 Sachsen, Germany Bachata Level Up 4 Willkommen zum Bachata Level Up 4! Ein Wochenende voller Bachata, Community- Gefühl und Spaß. 
Wir haben internationale Tänzer und Artists eingeladen und es wird über 20 Stunden Workshops geben. From 85 €",https://www.goandance.com/en/event/9879/bachata-level-up-4,festivals,7,https://www.goandance.com/en/festivals?page=6,,2026-10-09T20:09:26+00:00,2026-10-09T20:09:26+00:00,,,
9880,"27 - 30 NOV 2026 Mellieħa, Malta Keloke Malta Bachata Festival 🔥 KeLoKe Malta Bachata Festival 🇲🇹 en colaboración con Connexion Dance School y Barrio Latino Malta. ¡La energía de KeLoKe llega a Malta! Muy pronto más información. ☀️ From 160 € 145 €",https://www.goandance.com/en/event/9880/keloke-malta-bachata-festival,festivals,4,https://www.goandance.com/en/festivals?page=3,,2026-10-09T20:09:26+00:00,2026-10-09T20:09:26+00:00,,,
9882,"23 - 26 JUL 2027 Barcelona, Spain BCN Dance Life HOT WEEKEND 2027 The hottest reunion ever is coming up...
BCN DANCE LIFE HOT WEEKEND From 100 €",https://www.goandance.com/en/event/9882/bcn-dance-life-hot-weekend-2027,festivals,5,https://www.goandance.com/en/festivals?page=4,,2026-10-09T20:09:26+00:00,2026-10-09T20:09:26+00:00,,,
9887,"22 - 25 JAN 2027 Beograd, Serbia Elevation - Belgrade Bachata Congress 2027 Elevation - Belgrade Bachata Congress 2027 - 2nd Edition From 149 € 119 €",https://www.goandance.com/en/event/9887/elevation-belgrade-bachata-congress-2027,festivals,2,https://www.goandance.com/en/festivals?page=1,,2026-10-09T20:09:26+00:00,2026-10-09T20:09:26+00:00,HTTP_200,Elevation - Belgrade Bachata Congress 2027 | go&dance,Elevation - Belgrade Bachata Congress 2027 - 2nd Edition
9891,"22 - 25 JAN 2027 Ljubljana, Slovenia LATINA ISTRIANA Bachata Luxury 2027 After 23 years of passion, rhythm, and unforgettable memories, Latina Istriana presents a new chapter — Bachata Luxury.  Latina Istrina: For those who desire more. Because who you learn from matters! From 130 € 95 €",https://www.goandance.com/en/event/9891/latina-istriana-bachata-luxury-2027,festivals,9,https://www.goandance.com/en/festivals?page=8,,2026-10-09T20:09:26+00:00,2026-10-09T20:09:26+00:00,,,
9894,"30 OCT - 01 NOV 2026 Málaga, Spain Pasión Salsa Congress 2026 3 magical days by the sea with top artists like Pablito y su mezcla latina... All in one hotel with epic themed parties, shows, surprises, and unforgettable Latin vibes in Torremolinos, Málaga. From 110 €",https://www.goandance.com/en/event/9894/pasion-salsa-congress-2026,festivals,7,https://www.goandance.com/en/festivals?page=6,,2026-10-09T20:09:26+00:00,2026-10-09T20:09:26+00:00,,,
9907,"30 JUL - 02 AUG 2027 Savoie, France XLB FESTIVAL 2027 4TH EDITION
Between lake and mountains, XLB Festival brings together dancers from all over the world for a weekend where bachata, connection and good energy are at the heart of the experience. From 80 €",https://www.goandance.com/en/event/9907/xlb-festival-2027,festivals,7,https://www.goandance.com/en/festivals?page=6,,2026-10-09T20:09:26+00:00,2026-10-09T20:09:26+00:00,,,
9908,"14 - 18 JUL 2027 Porto, Portugal PORTO KIZOMBA FESTIVAL - SUMMER POOLPARTY ( 7º EDITION ) From 15 €",https://www.goandance.com/en/event/9908/porto-kizomba-festival-summer-poolparty-7o-edition,festivals,9,https://www.goandance.com/en/festivals?page=8,,2026-10-09T20:09:26+00:00,2026-10-09T20:09:26+00:00,,,
9912,"02 - 04 APR 2027 Bouches-du-Rhône, France Masters of Bachata Festival 2027 (10th Edition) In Marseille: celebrate the 10th edition with top international artists, 45+ hours of workshops, 3 epic nights, stunning shows, competitions & unforgettable surprises! From 160 €",https://www.goandance.com/en/event/9912/masters-of-bachata-festival-2027-10th-edition,festivals,8,https://www.goandance.com/en/festivals?page=7,,2026-10-09T20:09:26+00:00,2026-10-09T20:09:26+00:00,,,
9913,"13 - 16 NOV 2026 Kaunas, Lithuania Kaunas Bachata Weekend 2026 Little brother of Kaunas Bachata Festival! Cozy bachata weekend in November in the beautiful Kaunas City, Lithuania. From 80 € 70 €",https://www.goandance.com/en/event/9913/kaunas-bachata-weekend-2026,festivals,4,https://www.goandance.com/en/festivals?page=3,,2026-10-09T20:09:26+00:00,2026-10-09T20:09:26+00:00,,,
9919,"06 - 08 AUG 2027 Vlaams-Brabant, Belgium Brussels Retro Salsa Fest 4 This is a celebration of the roots and essence of salsa. From 75 € 55 €",https://www.goandance.com/en/event/9919/brussels-retro-salsa-fest-4,festivals,8,https://www.goandance.com/en/festivals?page=7,,2026-10-09T20:09:26+00:00,2026-10-09T20:09:26+00:00,,,
9928,"27 - 30 NOV 2026 Južnobanatski okrug, Serbia Bachata Congress Serbia 2026 – Novi Sad, Serbia Welcome to the 2nd edition of Bachata Congress Serbia! Three days of pure emotion, energy & love!

Bringing teachers and dancers from different countries and places to Novi Sad, Serbia! From 135 € 115 €",https://www.goandance.com/en/event/9928/bachata-congress-serbia-2026-novi-sad-serbia,festivals,6,https://www.goandance.com/en/festivals?page=5,,2026-10-09T20:09:26+00:00,2026-10-09T20:09:26+00:00,,,
9933,"13 - 15 NOV 2026 Santa Cruz, Bolivia, Plurinational State of BACHATA HEAT EXPERIENCE BOLIVIA From 60 €",https://www.goandance.com/en/event/9933/bachata-heat-experience-bolivia,festivals,10,https://www.goandance.com/en/festivals?page=9,,2026-10-09T20:09:26+00:00,2026-10-09T20:09:26+00:00,,,
9949,"14 - 17 MAY 2027 Baden-Württemberg, Germany 3rd Dance Marathon Stuttgart Salsa, Mambo, Son & more in Stuttgart • 3rd Edition • Day & Night Socials • World-Class DJs • Inspiring Workshops with International Artists • Endless Dancing • Free Water, Coffee & Snacks From 95 €",https://www.goandance.com/en/event/9949/3rd-dance-marathon-stuttgart,festivals,9,https://www.goandance.com/en/festivals?page=8,,2026-10-09T20:09:26+00:00,2026-10-09T20:09:26+00:00,,,
9951,"17 OCT 2026 Albacete, Spain XIV MASTER DANCE de Bailes y Ritmos 2026 It is an activity in which, in each edition, training workshops are scheduled, where participants can share and learn about Latin rhythms and Cuban dances, guided by renowned dancers and teachers. From 20 € 15 €",https://www.goandance.com/en/event/9951/xiv-master-dance-de-bailes-y-ritmos-2026,festivals,10,https://www.goandance.com/en/festivals?page=9,,2026-10-09T20:09:26+00:00,2026-10-09T20:09:26+00:00,,,
9956,"HOT 🔥 17 - 23 MAR 2027 İstanbul, Türkiye IWDC - Istanbul World Dance Congress 2027 ⚜️WELCOME TO THE LUXURY DANCE EXPERIENCE⚜️
Our festival brings together dance enthusiasts from around the world to experience the magic of dance in a city that bridges continents and cultures. From 160 €",https://www.goandance.com/en/event/9956/iwdc-istanbul-world-dance-congress-2027,festivals,1,https://www.goandance.com/en/festivals,,2026-10-09T20:09:26+00:00,2026-10-09T20:09:26+00:00,HTTP_200,IWDC - Istanbul World Dance Congress 2027 | go&dance,"⚜️WELCOME TO THE LUXURY DANCE EXPERIENCE⚜️
Our festival brings together dance enthusiasts from around the world to experience the magic of dance in a city that bridges..."
9958,"19 - 22 AUG 2027 Barcelona, Spain TIMBATONAZO SUMMER FESTIVAL 2027 ☀️ TIMBATONAZO SUMMER FESTIVAL 2027 🌴🔥
4 days of dancing, partying, swimming, and pure Cuban vibes in Santa Susanna, Barcelona. 🇨🇺
August 19–22 · Come experience it! From 130 € 75 €",https://www.goandance.com/en/event/9958/timbatonazo-summer-festival-2027,festivals,7,https://www.goandance.com/en/festivals?page=6,,2026-10-09T20:09:26+00:00,2026-10-09T20:09:26+00:00,,,
9959,"23 - 25 OCT 2026 Ljubljana, Slovenia BÁILAME - Cosmic Bachata Experience 2026 A weekend of dance in Ljubljana! 6 hours of workshops, Friday Welcome Party, Saturday Gala Party and Sunday Afternoon Social. Dance, connect & enjoy the vibe! From 90 € 80 €",https://www.goandance.com/en/event/9959/bailame-cosmic-bachata-experience-2026,festivals,5,https://www.goandance.com/en/festivals?page=4,,2026-10-09T20:09:26+00:00,2026-10-09T20:09:26+00:00,,,
9966,"15 - 19 JUL 2027 Sofia, Bulgaria Vivaz 100% Salsa Weekend 2027-3rd Edition Vivaz 100% Salsa weekend is back in Sofia for its 3rd edition! Top DJs + dancers unite for 4 nights of non-stop salsa, music & pure madness. Don’t miss the 2nd edition! 💃🎶 #letsmakesomenoise From 140 € 80 €",https://www.goandance.com/en/event/9966/vivaz-100-salsa-weekend-2027-3rd-edition,festivals,8,https://www.goandance.com/en/festivals?page=7,,2026-10-09T20:09:26+00:00,2026-10-09T20:09:26+00:00,,,
9971,"20 - 23 AUG 2027 Praha, Hlavní město, Czechia SALSA FESTIVAL PRAGUE 2027 After welcoming 450+ dancers from 38 countries, Salsa Festival Prague returns for another unforgettable weekend of workshops, parties, shows and social dancing. From 169 € 119 €",https://www.goandance.com/en/event/9971/salsa-festival-prague-2027,festivals,9,https://www.goandance.com/en/festivals?page=8,,2026-10-09T20:09:26+00:00,2026-10-09T20:09:26+00:00,,,
9983,"22 - 26 APR 2027 Beograd, Serbia Varijanta Dance Festival Belgrade From 110 €",https://www.goandance.com/en/event/9983/varijanta-dance-festival-belgrade,festivals,9,https://www.goandance.com/en/festivals?page=8,,2026-10-09T20:09:26+00:00,2026-10-09T20:09:26+00:00,,,
9990,"04 - 06 DEC 2026 Västerbottens län, Sweden Bachata Umeå Festival Welcome to the 5th Edition of Bachata Umeå Festival – First Weekend of December.
Ladies and gentlemen, dear dancers, dear bachateros,
Welcome to the 5th Edition of the Bachata Umeå Festival. From 90 €",https://www.goandance.com/en/event/9990/bachata-umea-festival,festivals,3,https://www.goandance.com/en/festivals?page=2,,2026-10-09T20:09:26+00:00,2026-10-09T20:09:26+00:00,,,
9993,"18 - 23 NOV 2026 İstanbul, Türkiye LATIN NOTION ISTANBUL Latin Notion Istanbul 2026 brings you an unforgettable week of Bachata, music, and connection in one of the world’s most vibrant cities🔥 From 85 € 80 €",https://www.goandance.com/en/event/9993/latin-notion-istanbul,festivals,5,https://www.goandance.com/en/festivals?page=4,,2026-10-09T20:09:26+00:00,2026-10-09T20:09:26+00:00,,,
10005,"13 FEB 2027 Navarra, Spain LA BUENA VIBRA DANCE CONGRESS 2027 From 90 € 55 €",https://www.goandance.com/en/event/10005/la-buena-vibra-dance-congress-2027,festivals,3,https://www.goandance.com/en/festivals?page=2,,2026-10-09T20:09:26+00:00,2026-10-09T20:09:26+00:00,,,
10010,"09 - 11 APR 2027 Barcelona, Spain SalsaRave - Spring Social Weekend 2027 SalsaRave - Spring Social Weekend 2027 From 600 € 500 €",https://www.goandance.com/en/event/10010/salsarave-spring-social-weekend-2027,festivals,5,https://www.goandance.com/en/festivals?page=4,,2026-10-09T20:09:26+00:00,2026-10-09T20:09:26+00:00,,,
10015,"13 - 15 NOV 2026 Alicante, Spain JARANA FLAMENCO CONGRESS 2026 (2nd edition) From 89 €",https://www.goandance.com/en/event/10015/jarana-flamenco-congress-2026-2nd-edition,festivals,4,https://www.goandance.com/en/festivals?page=3,,2026-10-09T20:09:26+00:00,2026-10-09T20:09:26+00:00,,,
10019,"05 - 11 JUL 2027 Messina, Italy SICILIA SALSA SENSUAL FESTIVAL 2027 (13th Edition) From 100 €",https://www.goandance.com/en/event/10019/sicilia-salsa-sensual-festival-2027-13th-edition,festivals,8,https://www.goandance.com/en/festivals?page=7,,2026-10-09T20:09:26+00:00,2026-10-09T20:09:26+00:00,,,
10026,"09 - 12 SEP 2027 Barcelona, Spain SalsaRave 2027 From 740 € 540 €",https://www.goandance.com/en/event/10026/salsarave-2027,festivals,2,https://www.goandance.com/en/festivals?page=1,,2026-10-09T20:09:26+00:00,2026-10-09T20:09:26+00:00,HTTP_200,SalsaRave 2027 | go&dance,
10027,"23 - 26 APR 2027 Praha, Hlavní město, Czechia PRAGUE BACHATA DOMINANT CONGRESS 2027 ✨ The largest and most legendary bachata congress in📍 Prague, Czech Republic✨

 Three unforgettable  DOMINANT days of Sensual Bachata with world-class artists 🔥 From 99 €",https://www.goandance.com/en/event/10027/prague-bachata-dominant-congress-2027,festivals,5,https://www.goandance.com/en/festivals?page=4,,2026-10-09T20:09:26+00:00,2026-10-09T20:09:26+00:00,,,
10033,"09 - 11 JUL 2027 Madrid, Spain Madrid Cuban Fest 2027 🔥 MADRID CUBAN FEST 🔥

The first Cuban festival in Madrid: music, dance, culture, flavor, and all the energy of Cuba in one place. 🎶💃🏽🌴

Get ready for a 100% Cuban experience! From 89 €",https://www.goandance.com/en/event/10033/madrid-cuban-fest-2027,festivals,2,https://www.goandance.com/en/festivals?page=1,,2026-10-09T20:09:26+00:00,2026-10-09T20:09:26+00:00,HTTP_200,Madrid Cuban Fest 2027 | go&dance,"🔥 MADRID CUBAN FEST 🔥

The first Cuban festival in Madrid: music, dance, culture, flavor, and all the energy of Cuba in one place. 🎶💃🏽🌴

Get ready for a 100% Cuban..."
10048,"09 - 11 APR 2027 Navarra, Spain JALAO Bachata Festival 2027 From 90 €",https://www.goandance.com/en/event/10048/jalao-bachata-festival-2027,festivals,6,https://www.goandance.com/en/festivals?page=5,,2026-10-09T20:09:26+00:00,2026-10-09T20:09:26+00:00,,,
10050,"17 - 21 SEP 2027 Hessen, Germany Extravadanza Bachata Congress 2027 From 99 €",https://www.goandance.com/en/event/10050/extravadanza-bachata-congress-2027,festivals,7,https://www.goandance.com/en/festivals?page=6,,2026-10-09T20:09:26+00:00,2026-10-09T20:09:26+00:00,,,
10082,"05 - 07 DEC 2026 Hovedstaden, Denmark Feeling The Competition Weekend 2026 From 110 €",https://www.goandance.com/en/event/10082/feeling-the-competition-weekend-2026,festivals,9,https://www.goandance.com/en/festivals?page=8,,2026-10-09T20:09:26+00:00,2026-10-09T20:09:26+00:00,,,
10084,"19 - 22 NOV 2027 Hessen, Germany Vibras Bachata winter Festival Frankfurt 2026 Our location is located slightly outside of Frankfurt. With the subway it is very easy to reach us. There is plenty of free parking. From 119 €",https://www.goandance.com/en/event/10084/vibras-bachata-winter-festival-frankfurt-2026,festivals,5,https://www.goandance.com/en/festivals?page=4,,2026-10-09T20:09:26+00:00,2026-10-09T20:09:26+00:00,,,
10087,"05 - 07 NOV 2027 Hessen, Germany GRAN BACHATA FESTIVAL From 69 €",https://www.goandance.com/en/event/10087/gran-bachata-festival,festivals,8,https://www.goandance.com/en/festivals?page=7,,2026-10-09T20:09:26+00:00,2026-10-09T20:09:26+00:00,,,
10093,"04 - 06 DEC 2026 Aizkraukles novads, Latvia SENSUAL Riga 2nd Birthday YOU ARE WELLCOME to SENSUAL Riga bachata dance studios 2nd Birthday. 
This year we gonna celebrate with amazing artists CLAUDIO, CHICHO & LIZA.
WORKSHOPS, PARTIES & BACHATA SOCIAL COMPETITION. From 75 €",https://www.goandance.com/en/event/10093/sensual-riga-2nd-birthday,festivals,6,https://www.goandance.com/en/festivals?page=5,,2026-10-09T20:09:26+00:00,2026-10-09T20:09:26+00:00,,,
10097,"08 - 11 JAN 2027 Nordrhein-Westfalen, Germany Dusseldorf Bachata Fest Step from your room into workshops, socials, shows, parties, food, and the main dancefloor without leaving the festival world. From 164 €",https://www.goandance.com/en/event/10097/dusseldorf-bachata-fest,festivals,7,https://www.goandance.com/en/festivals?page=6,,2026-10-09T20:09:26+00:00,2026-10-09T20:09:26+00:00,,,
10105,"21 NOV 2026 Baden-Württemberg, Germany Bachata Bootcamp Ulm & Fortuna Night Party Bachata Intense Workshops & Mixed Dance Party From 49 €",https://www.goandance.com/en/event/10105/bachata-bootcamp-ulm-and-fortuna-night-party,festivals,10,https://www.goandance.com/en/festivals?page=9,,2026-10-09T20:09:26+00:00,2026-10-09T20:09:26+00:00,,,
10109,"21 - 25 JAN 2027 Brașov, Romania National Salsa Congress - Romania - 2027 (18th Editon) One of the biggest and most beloved festivals in Romania which started in 2007 ✨ Year after year, it has brought together thousands of dancers, unforgettable shows, and magical nights of Latin rhythm. From 160 € ",https://www.goandance.com/en/event/10109/national-salsa-congress-romania-2027-18th-editon,festivals,6,https://www.goandance.com/en/festivals?page=5,,2026-10-09T20:09:26+00:00,2026-10-09T20:09:26+00:00,,,
10120,"17 OCT 2026 Salzburg, Austria 1 year of Bachata Events - Bachatacura Anniversary Celebration 1 Year of @bachatacura events! The first anniversary celebration 🎇💥🧨 with Bachata Workshops on 2 floors and Bachata Social Dance From 75 €",https://www.goandance.com/en/event/10120/1-year-of-bachata-events-bachatacura-anniversary-celebration,festivals,4,https://www.goandance.com/en/festivals?page=3,,2026-10-09T20:09:26+00:00,2026-10-09T20:09:26+00:00,,,
10121,"15 - 20 SEP 2027 Paris, France Paris Bachata Vibe Festival 2027 BIGGER. BOLDER. UNFORGETTABLE.
🔥 PBVF 2027 🔥 Tickets not available",https://www.goandance.com/en/event/10121/paris-bachata-vibe-festival-2027,festivals,1,https://www.goandance.com/en/festivals,,2026-10-09T20:09:26+00:00,2026-10-09T20:09:26+00:00,HTTP_200,Paris Bachata Vibe Festival 2027 | go&dance,"BIGGER. BOLDER. UNFORGETTABLE.
🔥 PBVF 2027 🔥"
10125,"01 - 04 OCT 2027 Sofia, Bulgaria Te Amo Sofia Bachata Festival 2027 🔥 2027 let's go! With an amazing lineup and more artists to come, we already can't wait! 🕺💃 From 140 € 80 €",https://www.goandance.com/en/event/10125/te-amo-sofia-bachata-festival-2027,festivals,5,https://www.goandance.com/en/festivals?page=4,,2026-10-09T20:09:26+00:00,2026-10-09T20:09:26+00:00,,,
10132,"12 - 14 FEB 2027 Baden-Württemberg, Germany Salsa & Bachata Musicality Dance Festival Dive deep into music and dance! 🎶🔥
Discover the connection between rhythm, movement, and musicality. Learn to dance in the music, not just on the music — and take your dancing to the next level. From 220 € 190 €",https://www.goandance.com/en/event/10132/salsa-bachata-musicality-dance-festival,festivals,5,https://www.goandance.com/en/festivals?page=4,,2026-10-09T20:09:26+00:00,2026-10-09T20:09:26+00:00,,,
10145,"17 OCT 2026 Grad Zagreb, Croatia BachaDays by LaTina Zagreb 2026 From 70 €",https://www.goandance.com/en/event/10145/bachadays-by-latina-zagreb-2026,festivals,10,https://www.goandance.com/en/festivals?page=9,,2026-10-09T20:09:26+00:00,2026-10-09T20:09:26+00:00,,,
10148,"06 - 12 OCT 2027 Durrës, Albania KIZAL - ALBANIA KIZOMBA FESTIVAL 2027 ( ALL IN ONE ) A seaside kizomba festival designed to make you feel on holiday. Enjoy the sun, the beach, and the magic of the Albanian Riviera in a unique, vibrant atmosphere. From 80 €",https://www.goandance.com/en/event/10148/kizal-albania-kizomba-festival-2027-all-in-one,festivals,8,https://www.goandance.com/en/festivals?page=7,,2026-10-09T20:09:26+00:00,2026-10-09T20:09:26+00:00,,,
